chain,event,address,block_number,block_timestamp,block_hash,transaction_hash,transaction_index,log_index,transaction_log_index,repayer,caller,assets,shares,market_id,loan_token,collateral_token,loan_symbol,collateral_symbol,loan_decimals,normalized_assets,price_usd,amount_usd
base,Repay,0xBBBBBbbBBb9cC5e90e3b3Af64bdAF62C37EEFFCb,25000041,2025-01-13 17:30:29,7241f0fa1e5f959d724825a87ad0a9ec6af65951e70f9a7a4c28c67d4d1742a4,2b7107ed767d58ec6e1ba8880c20530e3ea6d030293ee951fe21f60fea97813f,67,162,,0x23B83c2821D1E9Fe5C40cE3c014D2420F2f1eEB7,0x23055618898e202386e6c13955a58D3C68200BFB,3307944788,3252890494073484,0x1c21c59df9db44bf6f645d854ee710a8ca17b479451447e9f56758aee10a2fad,0x833589fCD6eDb6E08f4c7C32D4f71b54bdA02913,0x2Ae3F1Ec7F1F5012CFEab0185bfc7aa3cf0DEc22,USDC,cbETH,6,3307.944788,0.99984180004272,3307.421471275854
base,Repay,0xBBBBBbbBBb9cC5e90e3b3Af64bdAF62C37EEFFCb,25000305,2025-01-13 17:39:17,b2c473cc9bf15bf2dba879f7d574d1b1ff607b10d3c052f379894b48ede57c7c,16c88c83b74360265154a8f72066b66f18a341b734290ad1d678c07dc9626b54,90,205,,0x3eFEc9925973AFe87CBFE219DFE31fbBA4266369,0x23055618898e202386e6c13955a58D3C68200BFB,6010792051,5910747331913896,0x1c21c59df9db44bf6f645d854ee710a8ca17b479451447e9f56758aee10a2fad,0x833589fCD6eDb6E08f4c7C32D4f71b54bdA02913,0x2Ae3F1Ec7F1F5012CFEab0185bfc7aa3cf0DEc22,USDC,cbETH,6,6010.792051,0.99984180004272,6009.841143954313
base,Repay,0xBBBBBbbBBb9cC5e90e3b3Af64bdAF62C37EEFFCb,25000357,2025-01-13 17:41:01,9e3c997e5dd2d75b5f06ed36c480300e25ed1fcf602ac1a03d6409a18308da38,ca989a35987dc6f0d779aaa9d2d80b257cbfd5e9cc6a66e8331d63af0550bd4b,68,153,,0xfE38848cc80Fb8837969ccB77c7eE6873Ccf69FE,0x23055618898e202386e6c13955a58D3C68200BFB,501941207,492167384446184,0x9103c3b4e834476c9a62ea009ba2c884ee42e94e6e314a26f04d312434191836,0x833589fCD6eDb6E08f4c7C32D4f71b54bdA02913,0xcbB7C0000aB88B473b1f5aFd9ef808440eed33Bf,USDC,cbBTC,6,501.941207,0.99984180004272,501.86179992249555
base,Repay,0xBBBBBbbBBb9cC5e90e3b3Af64bdAF62C37EEFFCb,25000964,2025-01-13 18:01:15,223b006a6d5e3b4b47de53ccffa4865b2eddd05ebf90ab4c12c13517bd152d7d,89d902c489a0bb2167552df390fa4ceffd76b0f83f022ffd705a813d163bb416,110,319,,0x34Ee2E826d3c6701DF3B081D84c282C11C5eB4Fc,0x34Ee2E826d3c6701DF3B081D84c282C11C5eB4Fc,60008100000,58323660178190097,0x8793cf302b8ffd655ab97bd1c695dbd967807e8367a65cb2f4edaf1380ba1bda,0x833589fCD6eDb6E08f4c7C32D4f71b54bdA02913,0x4200000000000000000000000000000000000006,USDC,WETH,6,60008.1,0.99984180004272,59998.60672114355
ethereum,Repay,0xBBBBBbbBBb9cC5e90e3b3Af64bdAF62C37EEFFCb,22800033,2025-06-28 02:45:23,ec8332e98c1daf4f1c0f026fe91b626434738ee228eb8b623da8ef760079ab62,5caffe858438452af6cb88785dd3eb9f571c8ca02943208e77ee0b3fce9fac3f,100,380,,0xF276d10B388E00B8A04b1362f66c6E2aad8a1960,0x4A6c312ec70E8747a587EE860a0353cd42Be0aE0,50000000000000000000,48513106197836247084361568,0x2287407f0f42ad5ad224f70e4d9da37f02770f79959df703d6cfee8afc548e0d,0xC02aaA39b223FE8D0A0e5C4F27eAD9083C756Cc2,0x7122985656e38BDC0302Db86685bb972b145bD3C,WETH,STONE,18,50.0,1790.8610979237435,89543.05489618717
ethereum,Repay,0xBBBBBbbBBb9cC5e90e3b3Af64bdAF62C37EEFFCb,22800127,2025-06-28 03:04:11,9bec1949916eaf9d0d1861285d0107ca5805e44afdb3443221ed58e4826ad407,62c4ca186544b27307fdab67a3c6bb46fe56f203da44e0da5666392cbfccd623,39,71,,0xCDc0ebA2a2093567E3404F5D683eA4Fb4Cd498F0,0x4A6c312ec70E8747a587EE860a0353cd42Be0aE0,16344019148133354100021,16110367834725960617628367203,0xb81eaed0df42ff6646c8daf4fe38afab93b13b6a89c9750d08e705223a45e2ef,0x6B175474E89094C44Da98b954EedeAC495271d0F,0x3b3fB9C57858EF816833dC91565EFcd85D96f634,DAI,PT-sUSDE-31JUL2025,18,16344.019148133355,0.9998387039923518,16341.382923095834
ethereum,Repay,0xBBBBBbbBBb9cC5e90e3b3Af64bdAF62C37EEFFCb,22800129,2025-06-28 03:04:35,0f51b10ac2e1584e23664477d24abd93198674870e89986ed2a6692d03a3488a,90a57d84ef2fc9cd1d4ed45a3d1f139a57f4ca11581ccfe3b0f9f675edef6225,90,271,,0xF276d10B388E00B8A04b1362f66c6E2aad8a1960,0x4A6c312ec70E8747a587EE860a0353cd42Be0aE0,70000292722728446044,68377317865869568989388922,0xba761af4134efb0855adfba638945f454f0a704af11fc93439e20c7c5ebab942,0xC02aaA39b223FE8D0A0e5C4F27eAD9083C756Cc2,0xA1290d69c65A6Fe4DF752f95823fae25cB99e5A7,WETH,rsETH,18,70.00029272272845,1790.8610979237435,125360.8010804089
ethereum,Repay,0xBBBBBbbBBb9cC5e90e3b3Af64bdAF62C37EEFFCb,22800140,2025-06-28 03:06:47,2ca117344791d2026aa03d7894c4a40116c68ee3cfaa41d8c0bc75a9f507fa3b,94b90d7f00e52e296b08308950c179bc7060c103d452893ac7d498385a77181e,61,222,,0xccDB3dd16f8E9349AFD0C3FF52A4e8e7491C9019,0x4A6c312ec70E8747a587EE860a0353cd42Be0aE0,116667693226880477526370,111436858753106671385222878951,0x6894e287c615cf987993975d4ede5c30e469e4bc901ff8d0f4fd67eb8189f2a8,0xC4441c2BE5d8fA8126822B9929CA0b81Ea0DE38E,0x06B964d96f5dCF7Eae9d7C559B09EDCe244d4B8E,USUAL,USUALX,18,116667.69322688048,0.0104004000787264,1213.390685821675
ethereum,Repay,0xBBBBBbbBBb9cC5e90e3b3Af64bdAF62C37EEFFCb,22800141,2025-06-28 03:06:59,b2163234fd6e308bae0df6deb785549766a4f6fe8c688c31ff0665f90b1adf31,3bead427813a26f8cdb14ba5ebd43f8a8a22baac4c83ac8039afc578549f3652,11,86,,0xCDc0ebA2a2093567E3404F5D683eA4Fb4Cd498F0,0x4A6c312ec70E8747a587EE860a0353cd42Be0aE0,7938227582374537073880,7824741582724781369671077938,0xb81eaed0df42ff6646c8daf4fe38afab93b13b6a89c9750d08e705223a45e2ef,0x6B175474E89094C44Da98b954EedeAC495271d0F,0x3b3fB9C57858EF816833dC91565EFcd85D96f634,DAI,PT-sUSDE-31JUL2025,18,7938.227582374537,0.9998387039923518,7936.947177957696
ethereum,Repay,0xBBBBBbbBBb9cC5e90e3b3Af64bdAF62C37EEFFCb,22800284,2025-06-28 03:35:47,eb65d44d2556974f5fcc0c42ca0062371cabf473f357e29e97190bc220df45ab,2d5e592fc8adc5a230c3eeaf4957d35444c6dbb24bcbcb141b301636828ad063,87,313,,0xBa135B26f42801181A72650203Cc77d5eEABbD0f,0xBa135B26f42801181A72650203Cc77d5eEABbD0f,9990017389855612526,9736393316141179558952960,0x3f1d5c88c72432b04f2074499fe217468af49ddaa98bcb6ec80b08f76a82c6ec,0xdC035D45d973E3EC169d2276DDab16f1e407384F,0xaaeE1A9723aaDB7afA2810263653A34bA2C21C7a,USDS,Mog,18,9.990017389855613,0.9996916167098236,9.98693663542401
ethereum,Repay,0xBBBBBbbBBb9cC5e90e3b3Af64bdAF62C37EEFFCb,22800295,2025-06-28 03:37:59,35b92103f2ac42a5a26ef19101df01d836852e6fd84a6edc3dc09f1b3828579d,3ec156ee11951253e9a185364963968457bffbe737fe07bccf6a373d3f3299d5,20,88,,0xBa135B26f42801181A72650203Cc77d5eEABbD0f,0xBa135B26f42801181A72650203Cc77d5eEABbD0f,11986399538563043576,11897431049108762178617344,0xef9f1e3e71483c9c9b61d2e27452e26507e52b547775ca899277b35585ef7b01,0xdC035D45d973E3EC169d2276DDab16f1e407384F,0x76e222b07C53D28b89b0bAc18602810Fc22B49A8,USDS,JOE,18,11.986399538563044,0.9996916167098236,11.982703133235972
ethereum,Repay,0xBBBBBbbBBb9cC5e90e3b3Af64bdAF62C37EEFFCb,22800302,2025-06-28 03:39:23,16f973483b8da27e45747be63ad8a1d9529c50dc149234f1ca39af4287d9c5ab,869f8e42e1793279bca04c5784d59978a3178a1faece7e8c9da93e69a90de859,100,179,,0x46Fb48C358D50241606772C3AcA8516F90cd0978,0x4A6c312ec70E8747a587EE860a0353cd42Be0aE0,2786266221613382452036,2661326460784317667506466278,0x6894e287c615cf987993975d4ede5c30e469e4bc901ff8d0f4fd67eb8189f2a8,0xC4441c2BE5d8fA8126822B9929CA0b81Ea0DE38E,0x06B964d96f5dCF7Eae9d7C559B09EDCe244d4B8E,USUAL,USUALX,18,2786.2662216133826,0.0104004000787264,28.978283430620532
ethereum,Repay,0xBBBBBbbBBb9cC5e90e3b3Af64bdAF62C37EEFFCb,22800322,2025-06-28 03:43:23,ad22251a07dd8ab9e8d5420c9eea29da89a228cc4b064234444805efddd2c082,d4d513ad626ab3c06479b895108475f70fda773ee11d3a0bbadf413e392adb48,46,86,,0x46Fb48C358D50241606772C3AcA8516F90cd0978,0x4A6c312ec70E8747a587EE860a0353cd42Be0aE0,3413276797445749047052,3260218583972834557589243795,0x6894e287c615cf987993975d4ede5c30e469e4bc901ff8d0f4fd67eb8189f2a8,0xC4441c2BE5d8fA8126822B9929CA0b81Ea0DE38E,0x06B964d96f5dCF7Eae9d7C559B09EDCe244d4B8E,USUAL,USUALX,18,3413.2767974457493,0.0104004000787264,35.49944427286976
ethereum,Repay,0xBBBBBbbBBb9cC5e90e3b3Af64bdAF62C37EEFFCb,22800330,2025-06-28 03:44:59,5b2eea0df94d65bd95acdd15ce4c77f78403131afb63f93c3ec38d6c2c1fa326,deb9c7f64e98b04ff7486ae881445948cbf24a65eb8f7dde47fedd46ebfddc30,73,194,,0x46Fb48C358D50241606772C3AcA8516F90cd0978,0x4A6c312ec70E8747a587EE860a0353cd42Be0aE0,4182286908346050536240,3994743510142390856870054943,0x6894e287c615cf987993975d4ede5c30e469e4bc901ff8d0f4fd67eb8189f2a8,0xC4441c2BE5d8fA8126822B9929CA0b81Ea0DE38E,0x06B964d96f5dCF7Eae9d7C559B09EDCe244d4B8E,USUAL,USUALX,18,4182.286908346051,0.0104004000787264,43.497457090818656
ethereum,Repay,0xBBBBBbbBBb9cC5e90e3b3Af64bdAF62C37EEFFCb,22800340,2025-06-28 03:46:59,407c278fd0ce124e8fdef6ede9dbe078333df053ee6003921a5db6db9d435cd9,18be1234aef4bb3375ad76d7620bb965016a8c50376fa06a4c9cd1971e02ee6e,38,100,,0x46Fb48C358D50241606772C3AcA8516F90cd0978,0x4A6c312ec70E8747a587EE860a0353cd42Be0aE0,5126105060963110347100,4896236808689698418816009661,0x6894e287c615cf987993975d4ede5c30e469e4bc901ff8d0f4fd67eb8189f2a8,0xC4441c2BE5d8fA8126822B9929CA0b81Ea0DE38E,0x06B964d96f5dCF7Eae9d7C559B09EDCe244d4B8E,USUAL,USUALX,18,5126.10506096311,0.0104004000787264,53.313543479600526
ethereum,Repay,0xBBBBBbbBBb9cC5e90e3b3Af64bdAF62C37EEFFCb,22800349,2025-06-28 03:48:47,0bc682a108739c32763eadb62d1d47654cdc5a981000c6f0c8ee1241888cf417,400c72dc8bdcba5c8b69a5158702a310caf898934bdebb894eb24d2aa4c6e316,107,177,,0x46Fb48C358D50241606772C3AcA8516F90cd0978,0x4A6c312ec70E8747a587EE860a0353cd42Be0aE0,6283282896223532503826,6001521635392468506262515687,0x6894e287c615cf987993975d4ede5c30e469e4bc901ff8d0f4fd67eb8189f2a8,0xC4441c2BE5d8fA8126822B9929CA0b81Ea0DE38E,0x06B964d96f5dCF7Eae9d7C559B09EDCe244d4B8E,USUAL,USUALX,18,6283.282896223533,0.0104004000787264,65.34865592854347
ethereum,Repay,0xBBBBBbbBBb9cC5e90e3b3Af64bdAF62C37EEFFCb,22800359,2025-06-28 03:50:47,6c710e4bf0c8a1ab238249334611c4f99041cbd5e63a167ccd6d3f341793bd19,d1064a78193dd22a1cc44a96effaf81c7b5d18df43938ffeb2259aa5f3fd0082,35,86,,0x46Fb48C358D50241606772C3AcA8516F90cd0978,0x4A6c312ec70E8747a587EE860a0353cd42Be0aE0,1112217161476438389376,1062341601065340060071388914,0x6894e287c615cf987993975d4ede5c30e469e4bc901ff8d0f4fd67eb8189f2a8,0xC4441c2BE5d8fA8126822B9929CA0b81Ea0DE38E,0x06B964d96f5dCF7Eae9d7C559B09EDCe244d4B8E,USUAL,USUALX,18,1112.2171614764384,0.0104004000787264,11.567503453780402
ethereum,Repay,0xBBBBBbbBBb9cC5e90e3b3Af64bdAF62C37EEFFCb,22800378,2025-06-28 03:54:35,6f7b42feb520df8fdbfcbebdb36961405b7bd5ad89348bb7ead44d7cb6f4a47b,c35cc368eac410db1d90c143d8a6eaca238455ca00becb8c6ed88893ce9089c5,98,203,,0xb2f5BEF1ca1E4aa211EE21C475FFfE3B59878911,0xb2f5BEF1ca1E4aa211EE21C475FFfE3B59878911,26229994576058968761,26035217470503897607962624,0xef9f1e3e71483c9c9b61d2e27452e26507e52b547775ca899277b35585ef7b01,0xdC035D45d973E3EC169d2276DDab16f1e407384F,0x76e222b07C53D28b89b0bAc18602810Fc22B49A8,USDS,JOE,18,26.229994576058967,0.9996916167098236,26.221905684030293
ethereum,Repay,0xBBBBBbbBBb9cC5e90e3b3Af64bdAF62C37EEFFCb,22800450,2025-06-28 04:09:11,65ee8a4ad386930d7addbb5e237f4d571d14929983b41703f69496bf6d3cd4c4,bd83a0ac0fa52dfaea965fe93559572ab16c7193669f870cc2a9db6665782053,68,168,,0xF276d10B388E00B8A04b1362f66c6E2aad8a1960,0x4A6c312ec70E8747a587EE860a0353cd42Be0aE0,22200000000000000000,21539669305769947919029452,0x2287407f0f42ad5ad224f70e4d9da37f02770f79959df703d6cfee8afc548e0d,0xC02aaA39b223FE8D0A0e5C4F27eAD9083C756Cc2,0x7122985656e38BDC0302Db86685bb972b145bD3C,WETH,STONE,18,22.2,1790.8610979237435,39757.116373907105
ethereum,Repay,0xBBBBBbbBBb9cC5e90e3b3Af64bdAF62C37EEFFCb,22800577,2025-06-28 04:34:47,3c012dc8c87ff2b04a95ad2601ebc800a8b3b6823c3bf9511058a595392bff7b,8a3e0a0775241f21731065ba5a416af437f62399211c020c1041bf97489d026e,50,198,,0x7cB4b068E3294b0C365A8368B9798e5dB91ebEFE,0xE43f309a3737Af46038a8E4A76dD954292A4C4D3,5000000,4747898693113,0xa59b6c3c6d1df322195bfb48ddcdcca1a4c0890540e8ee75815765096c1e8971,0xA0b86991c6218b36c1d19D4a2e9Eb0cE3606eB48,0x1d08E7adC263CfC70b1BaBe6dC5Bb339c16Eec52,USDC,USD0USD0++,6,5.0,0.9997649620685616,4.998824810342808
ethereum,Repay,0xBBBBBbbBBb9cC5e90e3b3Af64bdAF62C37EEFFCb,22800582,2025-06-28 04:35:47,8a03c0686dc0f95ad456a6350ded9d9a075db38aee2e4d60e0e093c832e1726f,24674e152bc970d95aea6a3acb841e361f9fd88f1e441620fb7480ed6779a38e,138,280,,0x7cB4b068E3294b0C365A8368B9798e5dB91ebEFE,0xE43f309a3737Af46038a8E4A76dD954292A4C4D3,120000000000,113949552055775994,0xa59b6c3c6d1df322195bfb48ddcdcca1a4c0890540e8ee75815765096c1e8971,0xA0b86991c6218b36c1d19D4a2e9Eb0cE3606eB48,0x1d08E7adC263CfC70b1BaBe6dC5Bb339c16Eec52,USDC,USD0USD0++,6,120000.0,0.9997649620685616,119971.79544822739
ethereum,Repay,0xBBBBBbbBBb9cC5e90e3b3Af64bdAF62C37EEFFCb,22800699,2025-06-28 04:59:23,03d367c070f3543e4df3c57de2ad92adb06fbe43be02ead4c410c45c89e8c7b2,41e2bfd888ed6b3cf3aebed75f65962504602909afe4d802da064620c7a22a0f,26,57,,0xe6418966dF78A231336adE1e639914196ebF81dD,0xe6418966dF78A231336adE1e639914196ebF81dD,12089443405466913908267,11900553579164775912733788780,0x760b14c9003f08ac4bf0cfb02596ee4d6f0548a4fde5826bfd56befb9ed62ae9,0x6B175474E89094C44Da98b954EedeAC495271d0F,0x917459337CaAC939D41d7493B3999f571D20D667,DAI,PT-USDe-31JUL2025,18,12089.443405466915,0.9998387039923518,12087.493426510924
