chain,event,address,block_number,block_timestamp,block_hash,transaction_hash,transaction_index,log_index,transaction_log_index,supplier,caller,assets,shares,market_id,loan_token,collateral_token,loan_symbol,collateral_symbol,loan_decimals,normalized_assets,price_usd,amount_usd
base,Supply,0xBBBBBbbBBb9cC5e90e3b3Af64bdAF62C37EEFFCb,25000015,2025-01-13 17:29:37,31722376983be2d11ec2af0bfda178cf268f9d27463e8cb8ac0ef21b51126f7b,06600543325dcfd6c4e9f45285aaa1a0f46ed66fffd78b42a54731a882016e79,128,361,,0xf24608E0CCb972b0b0f4A6446a0BBf58c701a026,0xf24608E0CCb972b0b0f4A6446a0BBf58c701a026,490127770550,490127770550000000,0x5a99a8103b9d467c1b8e829e5bb3e41bca6eca4c443abc09911a19b71c598a13,0x60a3E35Cc302bFA44Cb288Bc5a4F316Fdb1adb42,0x0000000000000000000000000000000000000000,EURC,,6,490127.77055,1.1599080347053472,568503.1390931639
base,Supply,0xBBBBBbbBBb9cC5e90e3b3Af64bdAF62C37EEFFCb,25000015,2025-01-13 17:29:37,31722376983be2d11ec2af0bfda178cf268f9d27463e8cb8ac0ef21b51126f7b,06600543325dcfd6c4e9f45285aaa1a0f46ed66fffd78b42a54731a882016e79,128,371,,0x23479229e52Ab6aaD312D0B03DF9F33B46753B5e,0x23479229e52Ab6aaD312D0B03DF9F33B46753B5e,519806033055,512023130275076684,0x1c21c59df9db44bf6f645d854ee710a8ca17b479451447e9f56758aee10a2fad,0x833589fCD6eDb6E08f4c7C32D4f71b54bdA02913,0x2Ae3F1Ec7F1F5012CFEab0185bfc7aa3cf0DEc22,USDC,cbETH,6,519806.033055,0.99984180004272,519723.7997627768
base,Supply,0xBBBBBbbBBb9cC5e90e3b3Af64bdAF62C37EEFFCb,25000020,2025-01-13 17:29:47,e61aa2ccb71eb64bff8d7728bde3aa94b57a15586e7a7efd121449a15db08699,0be8a56cd39519dff6e4ff91330042926c2359de6bfe68bb04739f4f452c5f1b,179,698,,0xf24608E0CCb972b0b0f4A6446a0BBf58c701a026,0xf24608E0CCb972b0b0f4A6446a0BBf58c701a026,489177058785,489177058785000000,0x5a99a8103b9d467c1b8e829e5bb3e41bca6eca4c443abc09911a19b71c598a13,0x60a3E35Cc302bFA44Cb288Bc5a4F316Fdb1adb42,0x0000000000000000000000000000000000000000,EURC,,6,489177.058785,1.1599080347053472,567400.4008782514
base,Supply,0xBBBBBbbBBb9cC5e90e3b3Af64bdAF62C37EEFFCb,25000020,2025-01-13 17:29:47,e61aa2ccb71eb64bff8d7728bde3aa94b57a15586e7a7efd121449a15db08699,0be8a56cd39519dff6e4ff91330042926c2359de6bfe68bb04739f4f452c5f1b,179,708,,0x23479229e52Ab6aaD312D0B03DF9F33B46753B5e,0x23479229e52Ab6aaD312D0B03DF9F33B46753B5e,470285290924,463243839873187450,0x1c21c59df9db44bf6f645d854ee710a8ca17b479451447e9f56758aee10a2fad,0x833589fCD6eDb6E08f4c7C32D4f71b54bdA02913,0x2Ae3F1Ec7F1F5012CFEab0185bfc7aa3cf0DEc22,USDC,cbETH,6,470285.290924,0.99984180004272,470210.8918110664
base,Supply,0xBBBBBbbBBb9cC5e90e3b3Af64bdAF62C37EEFFCb,25000034,2025-01-13 17:30:15,b1d4d1982efda89c7221081c73b5e197187265b936808793ddff0b7668562b85,5690f97431febe9297835b27fbbefb11e79468dc17d18014f7a7fbe8dcc94d94,125,278,,0x12AFDeFb2237a5963e7BAb3e2D46ad0eee70406e,0x12AFDeFb2237a5963e7BAb3e2D46ad0eee70406e,189261758149,186281434501824365,0x45f3b5688e7ba25071f78d1ce51d1b893faa3c86897b12204cdff3af6b3611f8,0x833589fCD6eDb6E08f4c7C32D4f71b54bdA02913,0x1C2757c1FeF1038428b5bEF062495ce94BBe92b2,USDC,mBASIS,6,189261.758149,0.99984180004272,189231.8169469461
base,Supply,0xBBBBBbbBBb9cC5e90e3b3Af64bdAF62C37EEFFCb,25000065,2025-01-13 17:31:17,2e5002eac177111850e6ee4929b8262dded2279702169ceaacdf029119c7e968,19296ece953c16903f458b5d906408079bd6f65ece96b46c112c22a09505b037,120,307,,0x12AFDeFb2237a5963e7BAb3e2D46ad0eee70406e,0x12AFDeFb2237a5963e7BAb3e2D46ad0eee70406e,847462,834116854280,0x45f3b5688e7ba25071f78d1ce51d1b893faa3c86897b12204cdff3af6b3611f8,0x833589fCD6eDb6E08f4c7C32D4f71b54bdA02913,0x1C2757c1FeF1038428b5bEF062495ce94BBe92b2,USDC,mBASIS,6,0.847462,0.99984180004272,0.8473279315478036
base,Supply,0xBBBBBbbBBb9cC5e90e3b3Af64bdAF62C37EEFFCb,25000137,2025-01-13 17:33:41,2750e1bbf55ed36fb232fed072834370aec1f1d905780845c23056144e207545,0eca88acc889c7fb0451aa93002ae0e635cd69adb5b936bacf2e359595b05fba,103,289,,0xf24608E0CCb972b0b0f4A6446a0BBf58c701a026,0xf24608E0CCb972b0b0f4A6446a0BBf58c701a026,488988733817,488988733817000000,0x5a99a8103b9d467c1b8e829e5bb3e41bca6eca4c443abc09911a19b71c598a13,0x60a3E35Cc302bFA44Cb288Bc5a4F316Fdb1adb42,0x0000000000000000000000000000000000000000,EURC,,6,488988.733817,1.1599080347053472,567181.9612347326
base,Supply,0xBBBBBbbBBb9cC5e90e3b3Af64bdAF62C37EEFFCb,25000137,2025-01-13 17:33:41,2750e1bbf55ed36fb232fed072834370aec1f1d905780845c23056144e207545,0eca88acc889c7fb0451aa93002ae0e635cd69adb5b936bacf2e359595b05fba,103,299,,0x23479229e52Ab6aaD312D0B03DF9F33B46753B5e,0x23479229e52Ab6aaD312D0B03DF9F33B46753B5e,439254850085,432677837710683608,0x1c21c59df9db44bf6f645d854ee710a8ca17b479451447e9f56758aee10a2fad,0x833589fCD6eDb6E08f4c7C32D4f71b54bdA02913,0x2Ae3F1Ec7F1F5012CFEab0185bfc7aa3cf0DEc22,USDC,cbETH,6,439254.850085,0.99984180004272,439185.35998648155
base,Supply,0xBBBBBbbBBb9cC5e90e3b3Af64bdAF62C37EEFFCb,25000221,2025-01-13 17:36:29,68bff17107d386bc37075f43a21495158f1813a7a06587ca1d5e82e677f3c4e8,962fba617863a6129212e5ef7d9cd35ba247e0a13b3dd2154d275aa028d05ad5,118,231,,0x23479229e52Ab6aaD312D0B03DF9F33B46753B5e,0x23479229e52Ab6aaD312D0B03DF9F33B46753B5e,82879431250,81638444822029084,0x1c21c59df9db44bf6f645d854ee710a8ca17b479451447e9f56758aee10a2fad,0x833589fCD6eDb6E08f4c7C32D4f71b54bdA02913,0x2Ae3F1Ec7F1F5012CFEab0185bfc7aa3cf0DEc22,USDC,cbETH,6,82879.43125,0.99984180004272,82866.31972751686
base,Supply,0xBBBBBbbBBb9cC5e90e3b3Af64bdAF62C37EEFFCb,25000224,2025-01-13 17:36:35,6c87b95cd6bfd1c43951c7f1cb19c48eadfd9f252cc985ef5a93907f9a30851a,1918f9ca332b4fb7d2b8389e77efaa1a003c71b28a44356dd38aa6192b84d445,172,942,,0xf24608E0CCb972b0b0f4A6446a0BBf58c701a026,0xf24608E0CCb972b0b0f4A6446a0BBf58c701a026,486010606805,486010606805000000,0x5a99a8103b9d467c1b8e829e5bb3e41bca6eca4c443abc09911a19b71c598a13,0x60a3E35Cc302bFA44Cb288Bc5a4F316Fdb1adb42,0x0000000000000000000000000000000000000000,EURC,,6,486010.606805,1.1599080347053472,563727.6077851407
base,Supply,0xBBBBBbbBBb9cC5e90e3b3Af64bdAF62C37EEFFCb,25000224,2025-01-13 17:36:35,6c87b95cd6bfd1c43951c7f1cb19c48eadfd9f252cc985ef5a93907f9a30851a,1918f9ca332b4fb7d2b8389e77efaa1a003c71b28a44356dd38aa6192b84d445,172,952,,0x23479229e52Ab6aaD312D0B03DF9F33B46753B5e,0x23479229e52Ab6aaD312D0B03DF9F33B46753B5e,470257512911,463216156938695722,0x1c21c59df9db44bf6f645d854ee710a8ca17b479451447e9f56758aee10a2fad,0x833589fCD6eDb6E08f4c7C32D4f71b54bdA02913,0x2Ae3F1Ec7F1F5012CFEab0185bfc7aa3cf0DEc22,USDC,cbETH,6,470257.512911,0.99984180004272,470183.1181925469
base,Supply,0xBBBBBbbBBb9cC5e90e3b3Af64bdAF62C37EEFFCb,25000239,2025-01-13 17:37:05,58cce6b0ed1fe74235c0395f5f7d0d708c1adf5e737691ff41f4697929fc93e1,25164e0f664799999f0f3bf20a5198ee03a3c7417e26a958da5b0756bee0b206,215,979,,0x12AFDeFb2237a5963e7BAb3e2D46ad0eee70406e,0x12AFDeFb2237a5963e7BAb3e2D46ad0eee70406e,645000000,634842730156918,0x45f3b5688e7ba25071f78d1ce51d1b893faa3c86897b12204cdff3af6b3611f8,0x833589fCD6eDb6E08f4c7C32D4f71b54bdA02913,0x1C2757c1FeF1038428b5bEF062495ce94BBe92b2,USDC,mBASIS,6,645.0,0.99984180004272,644.8979610275544
base,Supply,0xBBBBBbbBBb9cC5e90e3b3Af64bdAF62C37EEFFCb,25000239,2025-01-13 17:37:05,58cce6b0ed1fe74235c0395f5f7d0d708c1adf5e737691ff41f4697929fc93e1,a9ca979c4fe44513699becce548a4cf08a7be73e5a097f18e99fe3d31c4f6639,220,1021,,0x0FaBfEAcedf47e890c50C8120177fff69C6a1d9B,0x0FaBfEAcedf47e890c50C8120177fff69C6a1d9B,697587858,672644780004134,0xa4e2843486610e6851f4e0a8fcdee819958598c71c7e99b0315904ccf162ddc3,0x833589fCD6eDb6E08f4c7C32D4f71b54bdA02913,0x04C0599Ae5A44757c0af6F9eC3b93da8976c150A,USDC,weETH,6,697.587858,0.99984180004272,697.4774996306654
base,Supply,0xBBBBBbbBBb9cC5e90e3b3Af64bdAF62C37EEFFCb,25000243,2025-01-13 17:37:13,fd072c40509ae5b04989c1f48f190b98b1d21a0738f3279ed8d407e1c98ad8b9,85f2b3c4ade7d54a7c08dfea08414de41a8bfecb8607c5d911cec1440432f3b6,200,447,,0xa0E430870c4604CcfC7B38Ca7845B1FF653D0ff1,0xa0E430870c4604CcfC7B38Ca7845B1FF653D0ff1,235000000000000000,235000000000000000000000,0xe920c120b2e1c79e9f97c5219ab092f96e06ed0b58882737fe863b029395f36f,0x4200000000000000000000000000000000000006,0x0000000000000000000000000000000000000000,WETH,,18,0.235,1802.8491664761689,423.66955412189964
base,Supply,0xBBBBBbbBBb9cC5e90e3b3Af64bdAF62C37EEFFCb,25000300,2025-01-13 17:39:07,58d656331272feef510dd9c2bea2a9b34957c5eb43d99d49c357580ee9b4e3c4,9f3bd4a4911c8728e752489b6d3291e16961f06084631f9f20be597aafdf153f,213,816,,0xf24608E0CCb972b0b0f4A6446a0BBf58c701a026,0xf24608E0CCb972b0b0f4A6446a0BBf58c701a026,484638271484,484638271484000000,0x5a99a8103b9d467c1b8e829e5bb3e41bca6eca4c443abc09911a19b71c598a13,0x60a3E35Cc302bFA44Cb288Bc5a4F316Fdb1adb42,0x0000000000000000000000000000000000000000,EURC,,6,484638.271484,1.1599080347053472,562135.825020003
base,Supply,0xBBBBBbbBBb9cC5e90e3b3Af64bdAF62C37EEFFCb,25000300,2025-01-13 17:39:07,58d656331272feef510dd9c2bea2a9b34957c5eb43d99d49c357580ee9b4e3c4,9f3bd4a4911c8728e752489b6d3291e16961f06084631f9f20be597aafdf153f,213,826,,0x23479229e52Ab6aaD312D0B03DF9F33B46753B5e,0x23479229e52Ab6aaD312D0B03DF9F33B46753B5e,446351931235,439668409953303255,0x1c21c59df9db44bf6f645d854ee710a8ca17b479451447e9f56758aee10a2fad,0x833589fCD6eDb6E08f4c7C32D4f71b54bdA02913,0x2Ae3F1Ec7F1F5012CFEab0185bfc7aa3cf0DEc22,USDC,cbETH,6,446351.931235,0.99984180004272,446281.3183785468
base,Supply,0xBBBBBbbBBb9cC5e90e3b3Af64bdAF62C37EEFFCb,25000304,2025-01-13 17:39:15,e65a405c56ade45fedfc6f55517d4cb0d6097c9c55c1e3c692fdcebdb0385379,9eb25a5bdcfe338996cd3bb2a36ae55fa8743f01403e02abddb18c5df61edf88,115,415,,0xeE8F4eC5672F09119b96Ab6fB59C27E1b7e44b61,0xeE8F4eC5672F09119b96Ab6fB59C27E1b7e44b61,502534,493760234277,0x9103c3b4e834476c9a62ea009ba2c884ee42e94e6e314a26f04d312434191836,0x833589fCD6eDb6E08f4c7C32D4f71b54bdA02913,0xcbB7C0000aB88B473b1f5aFd9ef808440eed33Bf,USDC,cbBTC,6,0.502534,0.99984180004272,0.5024544991426683
base,Supply,0xBBBBBbbBBb9cC5e90e3b3Af64bdAF62C37EEFFCb,25000359,2025-01-13 17:41:05,ba78971d182e9ff518f85b0ad805d9a51a21bd36f08f9120c342a19879290150,03e76ff52640c882a3d4003ff0c550cd2f07e21c41bda570608ab1064d7b294e,68,230,,0x6b13c060F13Af1fdB319F52315BbbF3fb1D88844,0x6b13c060F13Af1fdB319F52315BbbF3fb1D88844,93027585253225591,92848969648676171087573,0x7f90d72667171d72d10d62b5828d6a5ef7254b1e33718fe0c1f7dcf56dd1edc7,0x4200000000000000000000000000000000000006,0xCb327b99fF831bF8223cCEd12B1338FF3aA322Ff,WETH,bsdETH,18,0.09302758525322559,1802.8491664761689,167.7147045330685
base,Supply,0xBBBBBbbBBb9cC5e90e3b3Af64bdAF62C37EEFFCb,25000399,2025-01-13 17:42:25,9f3295f16eb17c23fb797089562ce3a417145de007f433ecbaf76b93cd9188a1,86a1a6e19a1f205ab9fdbecb364413a332d09618348ada5373afe78e7a947f51,139,400,,0x543257eF2161176D7C8cD90BA65C2d4CaEF5a796,0x543257eF2161176D7C8cD90BA65C2d4CaEF5a796,2697834,2697834000000,0xe04a6c17bd59c9fcbc2bcf0035be0e78974f2741b15dc079635e2f0137d38f2c,0xcbB7C0000aB88B473b1f5aFd9ef808440eed33Bf,0x0000000000000000000000000000000000000000,cbBTC,,8,0.02697834,66826.4870936436,1802.867689817929
base,Supply,0xBBBBBbbBBb9cC5e90e3b3Af64bdAF62C37EEFFCb,25000488,2025-01-13 17:45:23,0b3ffb86ab720f68bd2a9548359a51e9948b2b7d8533e85433f4f9fbe96a9c55,917b0f243ecc9eadd0432357885539bb0abe475adf9ce7b23c282e2378446762,65,194,,0x543257eF2161176D7C8cD90BA65C2d4CaEF5a796,0x543257eF2161176D7C8cD90BA65C2d4CaEF5a796,14907818,14907818000000,0xe04a6c17bd59c9fcbc2bcf0035be0e78974f2741b15dc079635e2f0137d38f2c,0xcbB7C0000aB88B473b1f5aFd9ef808440eed33Bf,0x0000000000000000000000000000000000000000,cbBTC,,8,0.14907818,66826.4870936436,9962.371071713878
base,Supply,0xBBBBBbbBBb9cC5e90e3b3Af64bdAF62C37EEFFCb,25000554,2025-01-13 17:47:35,3e1175656223ac58fb99606e933ab44b335f10ccec397fe0bc2cac34c2d36dc9,0f73d5c09c4cd06a769688321694e8916151bdc3da289623c1e96ef06078d2f6,100,322,,0xeE8F4eC5672F09119b96Ab6fB59C27E1b7e44b61,0xeE8F4eC5672F09119b96Ab6fB59C27E1b7e44b61,100000,98254018295,0x9103c3b4e834476c9a62ea009ba2c884ee42e94e6e314a26f04d312434191836,0x833589fCD6eDb6E08f4c7C32D4f71b54bdA02913,0xcbB7C0000aB88B473b1f5aFd9ef808440eed33Bf,USDC,cbBTC,6,0.1,0.99984180004272,0.099984180004272
base,Supply,0xBBBBBbbBBb9cC5e90e3b3Af64bdAF62C37EEFFCb,25000683,2025-01-13 17:51:53,acbbd23e84a4e775f3f673d3d7af448f26aae902eb155baf8e83410e65217bd4,289fc3a9417945a29ae381b29807ee9b978e695bf3d48db5baccbb96421fdf59,47,271,,0xa0E430870c4604CcfC7B38Ca7845B1FF653D0ff1,0xa0E430870c4604CcfC7B38Ca7845B1FF653D0ff1,33239060984900391,33239060984900391000000,0xe920c120b2e1c79e9f97c5219ab092f96e06ed0b58882737fe863b029395f36f,0x4200000000000000000000000000000000000006,0x0000000000000000000000000000000000000000,WETH,,18,0.03323906098490039,1802.8491664761689,59.92501339107822
base,Supply,0xBBBBBbbBBb9cC5e90e3b3Af64bdAF62C37EEFFCb,25000752,2025-01-13 17:54:11,fff6f1cd279a4753ded0f084368f2a9540a53afb1812549bd79b260c32a01a04,d93431927609a4dfe00e069f7f4dfb5b9a04af8e1d68ff54ce3691ed47ad45f8,62,168,,0xf24608E0CCb972b0b0f4A6446a0BBf58c701a026,0xf24608E0CCb972b0b0f4A6446a0BBf58c701a026,300000,300000000000,0x5a99a8103b9d467c1b8e829e5bb3e41bca6eca4c443abc09911a19b71c598a13,0x60a3E35Cc302bFA44Cb288Bc5a4F316Fdb1adb42,0x0000000000000000000000000000000000000000,EURC,,6,0.3,1.1599080347053472,0.34797241041160415
base,Supply,0xBBBBBbbBBb9cC5e90e3b3Af64bdAF62C37EEFFCb,25000761,2025-01-13 17:54:29,6ce5c338e39a60725e2ea4868d2b08803129c99a1772d324c7282c7ddc01cf01,48646542851a5662538e86da7aee94e4a9e17a3dc3dc8bbf57afe79b9b803df4,32,100,,0x12AFDeFb2237a5963e7BAb3e2D46ad0eee70406e,0x12AFDeFb2237a5963e7BAb3e2D46ad0eee70406e,1546428793,1522073705333977,0x45f3b5688e7ba25071f78d1ce51d1b893faa3c86897b12204cdff3af6b3611f8,0x833589fCD6eDb6E08f4c7C32D4f71b54bdA02913,0x1C2757c1FeF1038428b5bEF062495ce94BBe92b2,USDC,mBASIS,6,1546.428793,0.99984180004272,1546.1841480310109
base,Supply,0xBBBBBbbBBb9cC5e90e3b3Af64bdAF62C37EEFFCb,25000768,2025-01-13 17:54:43,4366e5a813ee839fbe8d2820ceb047a7934b800788a9eae19f8ae8bd3ecd0f20,00cc72e980fbf8383e16128bf15ac70b585e2d4ef9feadf7f71085aa87d665bb,37,188,,0xa0E430870c4604CcfC7B38Ca7845B1FF653D0ff1,0xa0E430870c4604CcfC7B38Ca7845B1FF653D0ff1,7794000000000000000,7794000000000000000000000,0xe920c120b2e1c79e9f97c5219ab092f96e06ed0b58882737fe863b029395f36f,0x4200000000000000000000000000000000000006,0x0000000000000000000000000000000000000000,WETH,,18,7.794,1802.8491664761689,14051.406403515259
base,Supply,0xBBBBBbbBBb9cC5e90e3b3Af64bdAF62C37EEFFCb,25000853,2025-01-13 17:57:33,62f1c4c11a8145c40aa203cf29f37be9506b4593172e4392cdc2713b86de0ddc,24040e794db95e7a02e4e513f872087c3596758425eb9d86c09fa86282dced92,37,154,,0xc1256Ae5FF1cf2719D4937adb3bbCCab2E00A2Ca,0xc1256Ae5FF1cf2719D4937adb3bbCCab2E00A2Ca,9999240014,9824645920977642,0x9103c3b4e834476c9a62ea009ba2c884ee42e94e6e314a26f04d312434191836,0x833589fCD6eDb6E08f4c7C32D4f71b54bdA02913,0xcbB7C0000aB88B473b1f5aFd9ef808440eed33Bf,USDC,cbBTC,6,9999.240014,0.99984180004272,9997.658134656955
ethereum,Supply,0xBBBBBbbBBb9cC5e90e3b3Af64bdAF62C37EEFFCb,22800007,2025-06-28 02:40:11,e58cbe58655c53a0731515fe9d2af90278d2ad8051972db324e992b06688c088,c4d56d4d2c6c1c3f774d35e6bad0875b81ccb6fc08a7e7a43107b2248eae4a82,35,717,,0xbEeFc011e94f43b8B7b455eBaB290C7Ab4E216f1,0xbEeFc011e94f43b8B7b455eBaB290C7Ab4E216f1,3653749845107237902,3624565783648599527012358,0x8d18658cd2688b702222c11467133c1c2237bd058ba2467e47bc360067ebe038,0x7751E2F4b8ae93EF6B79d86419d42FE3295A4559,0xcbB7C0000aB88B473b1f5aFd9ef808440eed33Bf,wUSDL,cbBTC,6,3653749845107.238,1.0440041211774628e-12,3.8145298960434726
ethereum,Supply,0xBBBBBbbBBb9cC5e90e3b3Af64bdAF62C37EEFFCb,22800041,2025-06-28 02:46:59,4219fddba910c2f4939c5d6c8f91cf0ea6a14250a11dcda32c20e4d21fa11b05,3703012711a48b33cc4f18e395c407927884c7a9854f4d54749d907eb41c9faa,61,246,,0xBEeFFF209270748ddd194831b3fa287a5386f5bC,0xBEeFFF209270748ddd194831b3fa287a5386f5bC,102734,102509307106,0x3a3b0aab54883f5b2561d8327fbe234142db4f50f87574cd07daf2ed3fbee01a,0xA0b86991c6218b36c1d19D4a2e9Eb0cE3606eB48,0x5f2F6324AA5590e408BA892e39ceC4C0afB16068,USDC,PT-iUSD-4SEP2025,6,0.102734,0.9997649620685616,0.10270985361315162
ethereum,Supply,0xBBBBBbbBBb9cC5e90e3b3Af64bdAF62C37EEFFCb,22800041,2025-06-28 02:46:59,4219fddba910c2f4939c5d6c8f91cf0ea6a14250a11dcda32c20e4d21fa11b05,fb14d8ec91faf1599b8909a5e2f1bebdd55a774e8ec27b27e45193772238f9ca,134,404,,0x4881Ef0BF6d2365D3dd6499ccd7532bcdBCE0658,0x4881Ef0BF6d2365D3dd6499ccd7532bcdBCE0658,100000000000000000000,97533987664602562852336333,0xb8fc70e82bc5bb53e773626fcc6a23f7eefa036918d7ef216ecfb1950a94a85e,0xC02aaA39b223FE8D0A0e5C4F27eAD9083C756Cc2,0x7f39C581F595B53c5cb19bD0b3f8dA6c935E2Ca0,WETH,wstETH,18,100.0,1790.8610979237435,179086.10979237434
ethereum,Supply,0xBBBBBbbBBb9cC5e90e3b3Af64bdAF62C37EEFFCb,22800044,2025-06-28 02:47:35,784f1849232453f11f6264d4f0f9cb1655cad62cf36c80a92d02232a79ed64df,378b9b717b6dcf08df431d593ef46249df10c07102a33672800c9665f9047c6c,23,155,,0xBEeFFF209270748ddd194831b3fa287a5386f5bC,0xBEeFFF209270748ddd194831b3fa287a5386f5bC,94711,88747360811,0x718af3af39b183758849486340b69466e3e89b84b7884188323416621ee91cb7,0xA0b86991c6218b36c1d19D4a2e9Eb0cE3606eB48,0x1f9840a85d5aF5bf1D1762F925BDADdC4201F984,USDC,UNI,6,0.094711,0.9997649620685616,0.09468873932247554
ethereum,Supply,0xBBBBBbbBBb9cC5e90e3b3Af64bdAF62C37EEFFCb,22800044,2025-06-28 02:47:35,784f1849232453f11f6264d4f0f9cb1655cad62cf36c80a92d02232a79ed64df,378b9b717b6dcf08df431d593ef46249df10c07102a33672800c9665f9047c6c,23,160,,0xBEeFFF209270748ddd194831b3fa287a5386f5bC,0xBEeFFF209270748ddd194831b3fa287a5386f5bC,20843633775,20798044230418204,0x3a3b0aab54883f5b2561d8327fbe234142db4f50f87574cd07daf2ed3fbee01a,0xA0b86991c6218b36c1d19D4a2e9Eb0cE3606eB48,0x5f2F6324AA5590e408BA892e39ceC4C0afB16068,USDC,PT-iUSD-4SEP2025,6,20843.633775,0.9997649620685616,20838.734730433862
ethereum,Supply,0xBBBBBbbBBb9cC5e90e3b3Af64bdAF62C37EEFFCb,22800044,2025-06-28 02:47:35,784f1849232453f11f6264d4f0f9cb1655cad62cf36c80a92d02232a79ed64df,378b9b717b6dcf08df431d593ef46249df10c07102a33672800c9665f9047c6c,23,165,,0xBEeFFF209270748ddd194831b3fa287a5386f5bC,0xBEeFFF209270748ddd194831b3fa287a5386f5bC,23363423416,22396884342256003,0x5f5bfaa51137098abc90b249c93b6051987877ada76135bb3dd7502b10d184a3,0xA0b86991c6218b36c1d19D4a2e9Eb0cE3606eB48,0x7C1156E515aA1A2E851674120074968C905aAF37,USDC,lvlUSD,6,23363.423416,0.9997649620685616,23357.932125288986
ethereum,Supply,0xBBBBBbbBBb9cC5e90e3b3Af64bdAF62C37EEFFCb,22800044,2025-06-28 02:47:35,784f1849232453f11f6264d4f0f9cb1655cad62cf36c80a92d02232a79ed64df,378b9b717b6dcf08df431d593ef46249df10c07102a33672800c9665f9047c6c,23,170,,0xBEeFFF209270748ddd194831b3fa287a5386f5bC,0xBEeFFF209270748ddd194831b3fa287a5386f5bC,27429764589,27081428239746500,0xbc552f0b14dd6f8e60b760a534ac1d8613d3539153b4d9675d697e048f2edc7e,0xA0b86991c6218b36c1d19D4a2e9Eb0cE3606eB48,0x3b3fB9C57858EF816833dC91565EFcd85D96f634,USDC,PT-sUSDE-31JUL2025,6,27429.764589,0.9997649620685616,27423.31755387116
ethereum,Supply,0xBBBBBbbBBb9cC5e90e3b3Af64bdAF62C37EEFFCb,22800044,2025-06-28 02:47:35,784f1849232453f11f6264d4f0f9cb1655cad62cf36c80a92d02232a79ed64df,378b9b717b6dcf08df431d593ef46249df10c07102a33672800c9665f9047c6c,23,175,,0xBEeFFF209270748ddd194831b3fa287a5386f5bC,0xBEeFFF209270748ddd194831b3fa287a5386f5bC,68016231291,67801459205785311,0x8a71a66ac828c2b6d4f8accce5859aba0822b502f3833bec4aff09479affffdb,0xA0b86991c6218b36c1d19D4a2e9Eb0cE3606eB48,0xB10DA2F9147f9cf2B8826877Cd0c95c18A0f42dc,USDC,PT-cUSDO-20NOV2025,6,68016.231291,0.9997649620685616,68000.24489669313
ethereum,Supply,0xBBBBBbbBBb9cC5e90e3b3Af64bdAF62C37EEFFCb,22800044,2025-06-28 02:47:35,784f1849232453f11f6264d4f0f9cb1655cad62cf36c80a92d02232a79ed64df,378b9b717b6dcf08df431d593ef46249df10c07102a33672800c9665f9047c6c,23,180,,0xBEeFFF209270748ddd194831b3fa287a5386f5bC,0xBEeFFF209270748ddd194831b3fa287a5386f5bC,129883471752,128449004574205913,0x544b0a093b130a3fb01b72a1279ab848575f049c73da3b5c9c718f9350a1519c,0xA0b86991c6218b36c1d19D4a2e9Eb0cE3606eB48,0xf10A134A987E22ffa9463570A6D1eb92a63Fc178,USDC,PT-csUSDL-31JUL2025,6,129883.471752,0.9997649620685616,129852.94420947137
ethereum,Supply,0xBBBBBbbBBb9cC5e90e3b3Af64bdAF62C37EEFFCb,22800044,2025-06-28 02:47:35,784f1849232453f11f6264d4f0f9cb1655cad62cf36c80a92d02232a79ed64df,378b9b717b6dcf08df431d593ef46249df10c07102a33672800c9665f9047c6c,23,185,,0xBEeFFF209270748ddd194831b3fa287a5386f5bC,0xBEeFFF209270748ddd194831b3fa287a5386f5bC,174826458242,170822489200360626,0x0f9563442d64ab3bd3bcb27058db0b0d4046a4c46f0acd811dacae9551d2b129,0xA0b86991c6218b36c1d19D4a2e9Eb0cE3606eB48,0x5C5b196aBE0d54485975D1Ec29617D42D9198326,USDC,sdeUSD,6,174826.458242,0.9997649620685616,174785.36739289408
ethereum,Supply,0xBBBBBbbBBb9cC5e90e3b3Af64bdAF62C37EEFFCb,22800044,2025-06-28 02:47:35,784f1849232453f11f6264d4f0f9cb1655cad62cf36c80a92d02232a79ed64df,378b9b717b6dcf08df431d593ef46249df10c07102a33672800c9665f9047c6c,23,190,,0xBEeFFF209270748ddd194831b3fa287a5386f5bC,0xBEeFFF209270748ddd194831b3fa287a5386f5bC,195450377740,192693947018569672,0x8b1bc4d682b04a16309a8adf77b35de0c42063a7944016cfc37a79ccac0007b6,0xA0b86991c6218b36c1d19D4a2e9Eb0cE3606eB48,0x4737D9b4592B40d51e110b94c9C043c6654067Ae,USDC,slvlUSD,6,195450.37774,0.9997649620685616,195404.43948751714
ethereum,Supply,0xBBBBBbbBBb9cC5e90e3b3Af64bdAF62C37EEFFCb,22800044,2025-06-28 02:47:35,784f1849232453f11f6264d4f0f9cb1655cad62cf36c80a92d02232a79ed64df,378b9b717b6dcf08df431d593ef46249df10c07102a33672800c9665f9047c6c,23,195,,0xBEeFFF209270748ddd194831b3fa287a5386f5bC,0xBEeFFF209270748ddd194831b3fa287a5386f5bC,400571326372,388993665171837733,0xbfed072faee09b963949defcdb91094465c34c6c62d798b906274ef3563c9cac,0xA0b86991c6218b36c1d19D4a2e9Eb0cE3606eB48,0x738d1115B90efa71AE468F1287fc864775e23a31,USDC,srUSD,6,400571.326372,0.9997649620685616,400477.17691605596
ethereum,Supply,0xBBBBBbbBBb9cC5e90e3b3Af64bdAF62C37EEFFCb,22800044,2025-06-28 02:47:35,784f1849232453f11f6264d4f0f9cb1655cad62cf36c80a92d02232a79ed64df,378b9b717b6dcf08df431d593ef46249df10c07102a33672800c9665f9047c6c,23,198,,0xBEeFFF209270748ddd194831b3fa287a5386f5bC,0xBEeFFF209270748ddd194831b3fa287a5386f5bC,3480008,3438018286550,0xa3819a7d2aee958ca0e7404137d012b51ea47d051db69d94656956eff8c80c23,0xA0b86991c6218b36c1d19D4a2e9Eb0cE3606eB48,0xCcE7D12f683c6dAe700154f0BAdf779C0bA1F89A,USDC,PT-syrupUSDC-28AUG2025,6,3.480008,0.9997649620685616,3.479190066118291
ethereum,Supply,0xBBBBBbbBBb9cC5e90e3b3Af64bdAF62C37EEFFCb,22800050,2025-06-28 02:48:47,739594f4b49fffe187680633582bf1798a4fae411e712f9c422c370942ce8d8c,3d12425b8503c45f49973fd8b4815983e77458ae13e32dd1e8f67e63a91623d6,153,420,,0x78Fc2c2eD1A4cDb5402365934aE5648aDAd094d0,0x78Fc2c2eD1A4cDb5402365934aE5648aDAd094d0,29732832542346959916,28822604416531982542281827,0xa0534c78620867b7c8706e3b6df9e69a2bc67c783281b7a77e034ed75cee012e,0xC02aaA39b223FE8D0A0e5C4F27eAD9083C756Cc2,0xbf5495Efe5DB9ce00f80364C8B423567e58d2110,WETH,ezETH,18,29.73283254234696,1790.8610979237435,53247.37313117029
ethereum,Supply,0xBBBBBbbBBb9cC5e90e3b3Af64bdAF62C37EEFFCb,22800084,2025-06-28 02:55:35,d1e81b3ad3afe32784e826ccdd93623afc450bf28624a9e58d20e49d79588659,d74aaed2b3246f20894f59f8c9f39ae903398bcaed9e21fe0a0de5b9deab2da7,5,68,,0xE89371eAaAC6D46d4C3ED23453241987916224FC,0xE89371eAaAC6D46d4C3ED23453241987916224FC,6300000000000000,6160522590639754698193,0xd0e50cdac92fe2172043f5e0c36532c6369d24947e40968f34a5e8819ca9ec5d,0xC02aaA39b223FE8D0A0e5C4F27eAD9083C756Cc2,0x7f39C581F595B53c5cb19bD0b3f8dA6c935E2Ca0,WETH,wstETH,18,0.0063,1790.8610979237435,11.282424916919584
ethereum,Supply,0xBBBBBbbBBb9cC5e90e3b3Af64bdAF62C37EEFFCb,22800090,2025-06-28 02:56:47,2423b347b894c418fc2b6b2be4641cb690367ffec5de768e06cc5aaa387a0307,69186f79a131d59d5fca013e24c36ce5dba123c7b971f23fea197268d61799ac,70,256,,0xBEeFFF209270748ddd194831b3fa287a5386f5bC,0xBEeFFF209270748ddd194831b3fa287a5386f5bC,94711,94503753698,0x3a3b0aab54883f5b2561d8327fbe234142db4f50f87574cd07daf2ed3fbee01a,0xA0b86991c6218b36c1d19D4a2e9Eb0cE3606eB48,0x5f2F6324AA5590e408BA892e39ceC4C0afB16068,USDC,PT-iUSD-4SEP2025,6,0.094711,0.9997649620685616,0.09468873932247554
ethereum,Supply,0xBBBBBbbBBb9cC5e90e3b3Af64bdAF62C37EEFFCb,22800121,2025-06-28 03:02:59,11251ed32b9add1e0c6b9749feffdd541b7e1c614411e780954a3a3790cded53,7f143152ef0077d3130710d66171268563f4fc063df932867326991607789d41,134,517,,0xc582F04d8a82795aa2Ff9c8bb4c1c889fe7b754e,0xc582F04d8a82795aa2Ff9c8bb4c1c889fe7b754e,2659214,2603888135397,0x729badf297ee9f2f6b3f717b96fd355fc6ec00422284ce1968e76647b258cf44,0xA0b86991c6218b36c1d19D4a2e9Eb0cE3606eB48,0x80ac24aA929eaF5013f6436cdA2a7ba190f5Cc0b,USDC,syrupUSDC,6,2.659214,0.9997649620685616,2.6585889838421877
ethereum,Supply,0xBBBBBbbBBb9cC5e90e3b3Af64bdAF62C37EEFFCb,22800121,2025-06-28 03:02:59,11251ed32b9add1e0c6b9749feffdd541b7e1c614411e780954a3a3790cded53,7f143152ef0077d3130710d66171268563f4fc063df932867326991607789d41,134,534,,0xc080f56504e0278828A403269DB945F6c6D6E014,0xc080f56504e0278828A403269DB945F6c6D6E014,174192996497877088,174192996497877088000000,0xfd2d1fa27920a406bdf9f84300f7b4b086dec491a16adb5fdcdb06544ec523a5,0xA0d69E286B938e21CBf7E51D71F6A4c8918f482F,0x0000000000000000000000000000000000000000,eUSD,,18,0.1741929964978771,0.9990185663114828,0.17402203762281032
ethereum,Supply,0xBBBBBbbBBb9cC5e90e3b3Af64bdAF62C37EEFFCb,22800125,2025-06-28 03:03:47,784b6c29489777bea070fcb7f52ac5e23788510ba199945e2075b2189305af99,c1d8ecf6b5c39457b7e82f9f738083924bfb1bcf167f4d1a929045063115c260,104,457,,0xbEEF36A5C1372F8D7d211527FCE9f83FE02d8A73,0xbEEF36A5C1372F8D7d211527FCE9f83FE02d8A73,5816387762512,5736995332992154362,0x0cf0597c314f60b9e42d4666073014cf4f7cdf72dea45626aa1caad695c74f2a,0xC02aaA39b223FE8D0A0e5C4F27eAD9083C756Cc2,0x833AdaeF212c5cD3f78906B44bBfb18258F238F0,WETH,bbqWSTETH,18,5.816387762512e-06,1790.8610979237435,0.010416342574322467
ethereum,Supply,0xBBBBBbbBBb9cC5e90e3b3Af64bdAF62C37EEFFCb,22800125,2025-06-28 03:03:47,784b6c29489777bea070fcb7f52ac5e23788510ba199945e2075b2189305af99,c1d8ecf6b5c39457b7e82f9f738083924bfb1bcf167f4d1a929045063115c260,104,462,,0xbEEF36A5C1372F8D7d211527FCE9f83FE02d8A73,0xbEEF36A5C1372F8D7d211527FCE9f83FE02d8A73,14744308045117628201,14520393427312328346499753,0xf0edbb36183591ff28c56fdb283fdd6896cf1298990e5913208902adb87d2b75,0xC02aaA39b223FE8D0A0e5C4F27eAD9083C756Cc2,0x657d9ABA1DBb59e53f9F3eCAA878447dCfC96dCb,WETH,ynETHx,18,14.744308045117629,1790.8610979237435,26405.00769380524
ethereum,Supply,0xBBBBBbbBBb9cC5e90e3b3Af64bdAF62C37EEFFCb,22800125,2025-06-28 03:03:47,784b6c29489777bea070fcb7f52ac5e23788510ba199945e2075b2189305af99,c1d8ecf6b5c39457b7e82f9f738083924bfb1bcf167f4d1a929045063115c260,104,465,,0xbEEF36A5C1372F8D7d211527FCE9f83FE02d8A73,0xbEEF36A5C1372F8D7d211527FCE9f83FE02d8A73,6582005243861,6380500090247405461,0xa0534c78620867b7c8706e3b6df9e69a2bc67c783281b7a77e034ed75cee012e,0xC02aaA39b223FE8D0A0e5C4F27eAD9083C756Cc2,0xbf5495Efe5DB9ce00f80364C8B423567e58d2110,WETH,ezETH,18,6.582005243861e-06,1790.8610979237435,0.011787457137560747
ethereum,Supply,0xBBBBBbbBBb9cC5e90e3b3Af64bdAF62C37EEFFCb,22800234,2025-06-28 03:25:47,7d4e981e4ce06d5297da9e7d482f378c9875f2569903deb5d0b614cd9c86abea,98c4621557371e3aa5a447c6bdb8cb01b57aef60212fc2cf893887813c5c97db,109,432,,0xd63070114470f685b75B74D60EEc7c1113d33a3D,0xd63070114470f685b75B74D60EEc7c1113d33a3D,351712792974,336173275895134422,0xa59b6c3c6d1df322195bfb48ddcdcca1a4c0890540e8ee75815765096c1e8971,0xA0b86991c6218b36c1d19D4a2e9Eb0cE3606eB48,0x1d08E7adC263CfC70b1BaBe6dC5Bb339c16Eec52,USDC,USD0USD0++,6,351712.792974,0.9997649620685616,351630.12712667894
ethereum,Supply,0xBBBBBbbBBb9cC5e90e3b3Af64bdAF62C37EEFFCb,22800234,2025-06-28 03:25:47,7d4e981e4ce06d5297da9e7d482f378c9875f2569903deb5d0b614cd9c86abea,98c4621557371e3aa5a447c6bdb8cb01b57aef60212fc2cf893887813c5c97db,109,437,,0xd63070114470f685b75B74D60EEc7c1113d33a3D,0xd63070114470f685b75B74D60EEc7c1113d33a3D,3727810152,3683365892946864,0xfae6c3fca4d2fe61c62d29541e84a728b660a0dbc99217750c1080a8fc7d0e45,0xA0b86991c6218b36c1d19D4a2e9Eb0cE3606eB48,0x14Bdc3A3AE09f5518b923b69489CBcAfB238e617,USDC,PT-eUSDE-14AUG2025,6,3727.810152,0.9997649620685616,3726.9339752130786
ethereum,Supply,0xBBBBBbbBBb9cC5e90e3b3Af64bdAF62C37EEFFCb,22800234,2025-06-28 03:25:47,7d4e981e4ce06d5297da9e7d482f378c9875f2569903deb5d0b614cd9c86abea,98c4621557371e3aa5a447c6bdb8cb01b57aef60212fc2cf893887813c5c97db,109,442,,0xd63070114470f685b75B74D60EEc7c1113d33a3D,0xd63070114470f685b75B74D60EEc7c1113d33a3D,131403857269,130198622373943965,0x4005ba6eb7d2221fe58102bd320aa6d83c47b212771bc950ab71c5074d9ab0ec,0xA0b86991c6218b36c1d19D4a2e9Eb0cE3606eB48,0x2CA5f2C4300450D53214B00546795c1c07B89acB,USDC,PT-slvlUSD-25SEP2025,6,131403.857269,0.9997649620685616,131372.97237820446
ethereum,Supply,0xBBBBBbbBBb9cC5e90e3b3Af64bdAF62C37EEFFCb,22800234,2025-06-28 03:25:47,7d4e981e4ce06d5297da9e7d482f378c9875f2569903deb5d0b614cd9c86abea,98c4621557371e3aa5a447c6bdb8cb01b57aef60212fc2cf893887813c5c97db,109,447,,0xd63070114470f685b75B74D60EEc7c1113d33a3D,0xd63070114470f685b75B74D60EEc7c1113d33a3D,135867095934,133379198176243181,0xbed987dd46049adb1ff34de8ef761a9da3b08890fa7fff629ea9b66d049de823,0xA0b86991c6218b36c1d19D4a2e9Eb0cE3606eB48,0xc8CF6D7991f15525488b2A83Df53468D682Ba4B0,USDC,sUSDf,6,135867.095934,0.9997649620685616,135835.16201282115
ethereum,Supply,0xBBBBBbbBBb9cC5e90e3b3Af64bdAF62C37EEFFCb,22800234,2025-06-28 03:25:47,7d4e981e4ce06d5297da9e7d482f378c9875f2569903deb5d0b614cd9c86abea,98c4621557371e3aa5a447c6bdb8cb01b57aef60212fc2cf893887813c5c97db,109,452,,0xd63070114470f685b75B74D60EEc7c1113d33a3D,0xd63070114470f685b75B74D60EEc7c1113d33a3D,31154141,30043603048165,0x8e7cc042d739a365c43d0a52d5f24160fa7ae9b7e7c9a479bd02a56041d4cf77,0xA0b86991c6218b36c1d19D4a2e9Eb0cE3606eB48,0x66a1E37c9b0eAddca17d3662D6c05F4DECf3e110,USDC,USR,6,31.154141,0.9997649620685616,31.146818595143618
ethereum,Supply,0xBBBBBbbBBb9cC5e90e3b3Af64bdAF62C37EEFFCb,22800234,2025-06-28 03:25:47,7d4e981e4ce06d5297da9e7d482f378c9875f2569903deb5d0b614cd9c86abea,98c4621557371e3aa5a447c6bdb8cb01b57aef60212fc2cf893887813c5c97db,109,457,,0xd63070114470f685b75B74D60EEc7c1113d33a3D,0xd63070114470f685b75B74D60EEc7c1113d33a3D,31905616686,31605193154619716,0x60154d71ec96b7aee2864326662cb731172f1ebd6ca0e64af9bc8659831ed0ff,0xA0b86991c6218b36c1d19D4a2e9Eb0cE3606eB48,0x19Ebd191f7A24ECE672ba13A302212b5eF7F35cb,USDC,yUSD,6,31905.616686,0.9997649620685616,31898.117655852857
ethereum,Supply,0xBBBBBbbBBb9cC5e90e3b3Af64bdAF62C37EEFFCb,22800234,2025-06-28 03:25:47,7d4e981e4ce06d5297da9e7d482f378c9875f2569903deb5d0b614cd9c86abea,98c4621557371e3aa5a447c6bdb8cb01b57aef60212fc2cf893887813c5c97db,109,462,,0xd63070114470f685b75B74D60EEc7c1113d33a3D,0xd63070114470f685b75B74D60EEc7c1113d33a3D,265974435821,261040456986623923,0xbf6687cb042a09451e66ebc11d7716c49fb8ccc75f484f7fab0eed6624bd5838,0xA0b86991c6218b36c1d19D4a2e9Eb0cE3606eB48,0x030b69280892c888670EDCDCD8B69Fd8026A0BF3,USDC,mMEV,6,265974.435821,0.9997649620685616,265911.92173978913
ethereum,Supply,0xBBBBBbbBBb9cC5e90e3b3Af64bdAF62C37EEFFCb,22800257,2025-06-28 03:30:23,bdd1b34f65f0b53c791bbd46c1ef17c6e6959f33bbbbe7cdc15b395735bc113c,d635d8859e271cd64d8a99f44abe55fc9a329f86bfd504eebb8960167961f9cb,105,251,,0x9a8bC3B04b7f3D87cfC09ba407dCED575f2d61D8,0x9a8bC3B04b7f3D87cfC09ba407dCED575f2d61D8,100054942793742284370,97494413230021970613874547,0x5f8a138ba332398a9116910f4d5e5dcd9b207024c5290ce5bc87bc2dbd8e4a86,0xC02aaA39b223FE8D0A0e5C4F27eAD9083C756Cc2,0xE72B141DF173b999AE7c1aDcbF60Cc9833Ce56a8,WETH,ETH+,18,100.05494279374228,1790.8610979237435,179184.50470429866
ethereum,Supply,0xBBBBBbbBBb9cC5e90e3b3Af64bdAF62C37EEFFCb,22800257,2025-06-28 03:30:23,bdd1b34f65f0b53c791bbd46c1ef17c6e6959f33bbbbe7cdc15b395735bc113c,d635d8859e271cd64d8a99f44abe55fc9a329f86bfd504eebb8960167961f9cb,105,256,,0x9a8bC3B04b7f3D87cfC09ba407dCED575f2d61D8,0x9a8bC3B04b7f3D87cfC09ba407dCED575f2d61D8,5510159908064819658,5406517428029498158961891,0xb7ad412532006bf876534ccae59900ddd9d1d1e394959065cb39b12b22f94ff5,0xC02aaA39b223FE8D0A0e5C4F27eAD9083C756Cc2,0xe1B4d34E8754600962Cd944B535180Bd758E6c2e,WETH,agETH,18,5.51015990806482,1790.8610979237435,9867.931022692357
ethereum,Supply,0xBBBBBbbBBb9cC5e90e3b3Af64bdAF62C37EEFFCb,22800257,2025-06-28 03:30:23,bdd1b34f65f0b53c791bbd46c1ef17c6e6959f33bbbbe7cdc15b395735bc113c,d635d8859e271cd64d8a99f44abe55fc9a329f86bfd504eebb8960167961f9cb,105,261,,0x9a8bC3B04b7f3D87cfC09ba407dCED575f2d61D8,0x9a8bC3B04b7f3D87cfC09ba407dCED575f2d61D8,2738616332288660971,2735454063728634117358844,0x8aa8614fca17b7efd787e3677bab78fce4a4928866375e86275001515b1f8114,0xC02aaA39b223FE8D0A0e5C4F27eAD9083C756Cc2,0x734eec7930bc84eC5732022B9EB949A81fB89AbE,WETH,ETH0,18,2.738616332288661,1790.8610979237435,4904.481451634367
ethereum,Supply,0xBBBBBbbBBb9cC5e90e3b3Af64bdAF62C37EEFFCb,22800265,2025-06-28 03:31:59,2bbec6083cd4f95aeefb8a6171d605b9371be8a68eba51c28399ba907dc6c302,36138fed829b95de4da5987cf0ab7bcd13c7bb43dfa59f98bfacb274156a1af5,57,137,,0xd63070114470f685b75B74D60EEc7c1113d33a3D,0xd63070114470f685b75B74D60EEc7c1113d33a3D,18542570000,18542570000000000,0x54efdee08e272e929034a8f26f7ca34b1ebe364b275391169b28c6d7db24dbc8,0xA0b86991c6218b36c1d19D4a2e9Eb0cE3606eB48,0x0000000000000000000000000000000000000000,USDC,,6,18542.57,0.9997649620685616,18538.21179270365
ethereum,Supply,0xBBBBBbbBBb9cC5e90e3b3Af64bdAF62C37EEFFCb,22800271,2025-06-28 03:33:11,b2f2945a17422537a3ba5abe3412a11ddee4a8e538b39e35b39922543151d303,a1a6a2e2216ccfd63809bc27a645c48494036abbc139c61148d64f82a2b1613b,60,197,,0xdef1Fce2df6270Fdf7E1214343BeBbaB8583D43d,0xdef1Fce2df6270Fdf7E1214343BeBbaB8583D43d,379411607000000000000,370524964113005430724472559,0x3f1d5c88c72432b04f2074499fe217468af49ddaa98bcb6ec80b08f76a82c6ec,0xdC035D45d973E3EC169d2276DDab16f1e407384F,0xaaeE1A9723aaDB7afA2810263653A34bA2C21C7a,USDS,Mog,18,379.411607,0.9996916167098236,379.29460280030224
ethereum,Supply,0xBBBBBbbBBb9cC5e90e3b3Af64bdAF62C37EEFFCb,22800273,2025-06-28 03:33:35,1f9f70fce0f1455f49e58e631793b9ca6dcddea371397d2e6e36eaaf7f9fb50a,72449d126e72b5e172e933ecd5339afe7888c84c8187ad5ee7296ae550a42653,57,709,,0xbEEF36A5C1372F8D7d211527FCE9f83FE02d8A73,0xbEEF36A5C1372F8D7d211527FCE9f83FE02d8A73,7047015024836376409,6831256848276225336742695,0xa0534c78620867b7c8706e3b6df9e69a2bc67c783281b7a77e034ed75cee012e,0xC02aaA39b223FE8D0A0e5C4F27eAD9083C756Cc2,0xbf5495Efe5DB9ce00f80364C8B423567e58d2110,WETH,ezETH,18,7.0470150248363765,1790.8610979237435,12620.22506446359
ethereum,Supply,0xBBBBBbbBBb9cC5e90e3b3Af64bdAF62C37EEFFCb,22800273,2025-06-28 03:33:35,1f9f70fce0f1455f49e58e631793b9ca6dcddea371397d2e6e36eaaf7f9fb50a,72449d126e72b5e172e933ecd5339afe7888c84c8187ad5ee7296ae550a42653,57,712,,0xbEEF36A5C1372F8D7d211527FCE9f83FE02d8A73,0xbEEF36A5C1372F8D7d211527FCE9f83FE02d8A73,5749401284654,5662074425751432537,0xf0edbb36183591ff28c56fdb283fdd6896cf1298990e5913208902adb87d2b75,0xC02aaA39b223FE8D0A0e5C4F27eAD9083C756Cc2,0x657d9ABA1DBb59e53f9F3eCAA878447dCfC96dCb,WETH,ynETHx,18,5.749401284654e-06,1790.8610979237435,0.010296379097039643
ethereum,Supply,0xBBBBBbbBBb9cC5e90e3b3Af64bdAF62C37EEFFCb,22800288,2025-06-28 03:36:35,78afad7725a0c5e44efe30a6bff809f7832e0f22511284ef2c61da59a62d94c2,3b6ff4e7a0a5a74ecae3b660f81a7a28c5889e4ca821da594ff6f0705e14a6a2,21,18,,0x9a8bC3B04b7f3D87cfC09ba407dCED575f2d61D8,0x9a8bC3B04b7f3D87cfC09ba407dCED575f2d61D8,845000000000000000000,823375017390974299527061823,0x5f8a138ba332398a9116910f4d5e5dcd9b207024c5290ce5bc87bc2dbd8e4a86,0xC02aaA39b223FE8D0A0e5C4F27eAD9083C756Cc2,0xE72B141DF173b999AE7c1aDcbF60Cc9833Ce56a8,WETH,ETH+,18,845.0,1790.8610979237435,1513277.6277455632
ethereum,Supply,0xBBBBBbbBBb9cC5e90e3b3Af64bdAF62C37EEFFCb,22800310,2025-06-28 03:40:59,28e77c93dcbbcffb5d1929be65643b1713e5838aab0bdd7811d8828c2c7fb05f,634d2a5fa63797267a79049d164d96bac2f17f6149c02ae798701b94fca7fc0b,81,167,,0x974c8FBf4fd795F66B85B73ebC988A51F1A040a9,0x974c8FBf4fd795F66B85B73ebC988A51F1A040a9,100000000,97919072546602,0x729badf297ee9f2f6b3f717b96fd355fc6ec00422284ce1968e76647b258cf44,0xA0b86991c6218b36c1d19D4a2e9Eb0cE3606eB48,0x80ac24aA929eaF5013f6436cdA2a7ba190f5Cc0b,USDC,syrupUSDC,6,100.0,0.9997649620685616,99.97649620685615
ethereum,Supply,0xBBBBBbbBBb9cC5e90e3b3Af64bdAF62C37EEFFCb,22800338,2025-06-28 03:46:35,f9186e7838d76e6367ea15a97c59c927084ea3ad94328d9979dcab36ed08dfd5,7758cf59fd34e4fa6d9d5f3d70e306502a8831c95a96062bbb0314b60f9e0125,97,219,,0x4881Ef0BF6d2365D3dd6499ccd7532bcdBCE0658,0x4881Ef0BF6d2365D3dd6499ccd7532bcdBCE0658,100000000000000000000,97533785794676951610172401,0xb8fc70e82bc5bb53e773626fcc6a23f7eefa036918d7ef216ecfb1950a94a85e,0xC02aaA39b223FE8D0A0e5C4F27eAD9083C756Cc2,0x7f39C581F595B53c5cb19bD0b3f8dA6c935E2Ca0,WETH,wstETH,18,100.0,1790.8610979237435,179086.10979237434
ethereum,Supply,0xBBBBBbbBBb9cC5e90e3b3Af64bdAF62C37EEFFCb,22800338,2025-06-28 03:46:35,f9186e7838d76e6367ea15a97c59c927084ea3ad94328d9979dcab36ed08dfd5,7758cf59fd34e4fa6d9d5f3d70e306502a8831c95a96062bbb0314b60f9e0125,97,241,,0x78Fc2c2eD1A4cDb5402365934aE5648aDAd094d0,0x78Fc2c2eD1A4cDb5402365934aE5648aDAd094d0,49630000000000000000,48629598376661304438206462,0xba761af4134efb0855adfba638945f454f0a704af11fc93439e20c7c5ebab942,0xC02aaA39b223FE8D0A0e5C4F27eAD9083C756Cc2,0xA1290d69c65A6Fe4DF752f95823fae25cB99e5A7,WETH,rsETH,18,49.63,1790.8610979237435,88880.4362899554
ethereum,Supply,0xBBBBBbbBBb9cC5e90e3b3Af64bdAF62C37EEFFCb,22800407,2025-06-28 04:00:23,f8f7112ae60e942b6418b70fad5219ef93305ac6a8f119beac63712be822189e,8dfc2dbed7d9360e5d87a0e4c3ce2909574300f9d6b6f46267f6fe176163051b,166,327,,0xd41830d88dfD08678b0B886E0122193d54b02Acc,0xd41830d88dfD08678b0B886E0122193d54b02Acc,8120644181,8042502051522020,0xe61a903174169e4897669e9bc4419eb7582b36d1a3d3df633dccab88da6e2ccd,0xA0b86991c6218b36c1d19D4a2e9Eb0cE3606eB48,0x207F7205fd6c4b602Fa792C8b2B60e6006D4a0b8,USDC,PT-lvlUSD-25SEP2025,6,8120.644181,0.9997649620685616,8118.73552158975
ethereum,Supply,0xBBBBBbbBBb9cC5e90e3b3Af64bdAF62C37EEFFCb,22800407,2025-06-28 04:00:23,f8f7112ae60e942b6418b70fad5219ef93305ac6a8f119beac63712be822189e,8dfc2dbed7d9360e5d87a0e4c3ce2909574300f9d6b6f46267f6fe176163051b,166,332,,0xd41830d88dfD08678b0B886E0122193d54b02Acc,0xd41830d88dfD08678b0B886E0122193d54b02Acc,442575107871,436951248319269973,0xbc552f0b14dd6f8e60b760a534ac1d8613d3539153b4d9675d697e048f2edc7e,0xA0b86991c6218b36c1d19D4a2e9Eb0cE3606eB48,0x3b3fB9C57858EF816833dC91565EFcd85D96f634,USDC,PT-sUSDE-31JUL2025,6,442575.107871,0.9997649620685616,442471.0859331399
ethereum,Supply,0xBBBBBbbBBb9cC5e90e3b3Af64bdAF62C37EEFFCb,22800407,2025-06-28 04:00:23,f8f7112ae60e942b6418b70fad5219ef93305ac6a8f119beac63712be822189e,8dfc2dbed7d9360e5d87a0e4c3ce2909574300f9d6b6f46267f6fe176163051b,166,337,,0xd41830d88dfD08678b0B886E0122193d54b02Acc,0xd41830d88dfD08678b0B886E0122193d54b02Acc,2889835407,2855372171120674,0xfae6c3fca4d2fe61c62d29541e84a728b660a0dbc99217750c1080a8fc7d0e45,0xA0b86991c6218b36c1d19D4a2e9Eb0cE3606eB48,0x14Bdc3A3AE09f5518b923b69489CBcAfB238e617,USDC,PT-eUSDE-14AUG2025,6,2889.835407,0.9997649620685616,2889.156186063741
ethereum,Supply,0xBBBBBbbBBb9cC5e90e3b3Af64bdAF62C37EEFFCb,22800407,2025-06-28 04:00:23,f8f7112ae60e942b6418b70fad5219ef93305ac6a8f119beac63712be822189e,8dfc2dbed7d9360e5d87a0e4c3ce2909574300f9d6b6f46267f6fe176163051b,166,342,,0xd41830d88dfD08678b0B886E0122193d54b02Acc,0xd41830d88dfD08678b0B886E0122193d54b02Acc,337883556,337604858031208,0x89613b0381d73cf379c507bf731cd79f9bd06c28372284b7559fc47fb2873ba7,0xA0b86991c6218b36c1d19D4a2e9Eb0cE3606eB48,0x1132065009850C72E27B7950C0f9285d1D103589,USDC,PT-mMEV-31JUL2025,6,337.883556,0.9997649620685616,337.80414054793073
ethereum,Supply,0xBBBBBbbBBb9cC5e90e3b3Af64bdAF62C37EEFFCb,22800407,2025-06-28 04:00:23,f8f7112ae60e942b6418b70fad5219ef93305ac6a8f119beac63712be822189e,8dfc2dbed7d9360e5d87a0e4c3ce2909574300f9d6b6f46267f6fe176163051b,166,347,,0xd41830d88dfD08678b0B886E0122193d54b02Acc,0xd41830d88dfD08678b0B886E0122193d54b02Acc,338360174,337407860287883,0x934b5427f2dbcddaddb59e04b8bbb41ef30fb7481eef95366ffa5da4290f1359,0xA0b86991c6218b36c1d19D4a2e9Eb0cE3606eB48,0x21aacE56a8F21210b7E76d8eF1a77253Db85BF0a,USDC,PT-fxSAVE-30OCT2025,6,338.360174,0.9997649620685616,338.2806465246219
ethereum,Supply,0xBBBBBbbBBb9cC5e90e3b3Af64bdAF62C37EEFFCb,22800407,2025-06-28 04:00:23,f8f7112ae60e942b6418b70fad5219ef93305ac6a8f119beac63712be822189e,8dfc2dbed7d9360e5d87a0e4c3ce2909574300f9d6b6f46267f6fe176163051b,166,352,,0xd41830d88dfD08678b0B886E0122193d54b02Acc,0xd41830d88dfD08678b0B886E0122193d54b02Acc,405425269510,400337636487086709,0x3bdb58058b41bb700458ba3df317e254244ddec7fc35fec93d2d53475cc6ebdc,0xA0b86991c6218b36c1d19D4a2e9Eb0cE3606eB48,0xCcE7D12f683c6dAe700154f0BAdf779C0bA1F89A,USDC,PT-syrupUSDC-28AUG2025,6,405425.26951,0.9997649620685616,405329.9791933015
ethereum,Supply,0xBBBBBbbBBb9cC5e90e3b3Af64bdAF62C37EEFFCb,22800407,2025-06-28 04:00:23,f8f7112ae60e942b6418b70fad5219ef93305ac6a8f119beac63712be822189e,8dfc2dbed7d9360e5d87a0e4c3ce2909574300f9d6b6f46267f6fe176163051b,166,357,,0xd41830d88dfD08678b0B886E0122193d54b02Acc,0xd41830d88dfD08678b0B886E0122193d54b02Acc,356601891965,355472980831486745,0x8a71a66ac828c2b6d4f8accce5859aba0822b502f3833bec4aff09479affffdb,0xA0b86991c6218b36c1d19D4a2e9Eb0cE3606eB48,0xB10DA2F9147f9cf2B8826877Cd0c95c18A0f42dc,USDC,PT-cUSDO-20NOV2025,6,356601.891965,0.9997649620685616,356518.07699396554
ethereum,Supply,0xBBBBBbbBBb9cC5e90e3b3Af64bdAF62C37EEFFCb,22800407,2025-06-28 04:00:23,f8f7112ae60e942b6418b70fad5219ef93305ac6a8f119beac63712be822189e,8dfc2dbed7d9360e5d87a0e4c3ce2909574300f9d6b6f46267f6fe176163051b,166,362,,0xd41830d88dfD08678b0B886E0122193d54b02Acc,0xd41830d88dfD08678b0B886E0122193d54b02Acc,2706881393,2676964825000088,0x544b0a093b130a3fb01b72a1279ab848575f049c73da3b5c9c718f9350a1519c,0xA0b86991c6218b36c1d19D4a2e9Eb0cE3606eB48,0xf10A134A987E22ffa9463570A6D1eb92a63Fc178,USDC,PT-csUSDL-31JUL2025,6,2706.881393,0.9997649620685616,2706.2451731967403
ethereum,Supply,0xBBBBBbbBBb9cC5e90e3b3Af64bdAF62C37EEFFCb,22800407,2025-06-28 04:00:23,f8f7112ae60e942b6418b70fad5219ef93305ac6a8f119beac63712be822189e,8dfc2dbed7d9360e5d87a0e4c3ce2909574300f9d6b6f46267f6fe176163051b,166,367,,0xd41830d88dfD08678b0B886E0122193d54b02Acc,0xd41830d88dfD08678b0B886E0122193d54b02Acc,173578769371,170666093613742965,0xeec6c7e2ddb7578f2a7d86fc11cf9da005df34452ad9b9189c51266216f5d71b,0xA0b86991c6218b36c1d19D4a2e9Eb0cE3606eB48,0x23E60d1488525bf4685f53b3aa8E676c30321066,USDC,PT-wstUSR-25SEP2025,6,173578.769371,0.9997649620685616,173537.9717761054
ethereum,Supply,0xBBBBBbbBBb9cC5e90e3b3Af64bdAF62C37EEFFCb,22800407,2025-06-28 04:00:23,f8f7112ae60e942b6418b70fad5219ef93305ac6a8f119beac63712be822189e,8dfc2dbed7d9360e5d87a0e4c3ce2909574300f9d6b6f46267f6fe176163051b,166,372,,0xd41830d88dfD08678b0B886E0122193d54b02Acc,0xd41830d88dfD08678b0B886E0122193d54b02Acc,13872767142,13688138348074798,0x10b401f4254a7039b7168c5a614c81ea8be698186cfb33aa56ac2adbcf0e88f9,0xA0b86991c6218b36c1d19D4a2e9Eb0cE3606eB48,0xf736acF34FF7Cd9B3565b73a1f15E652859bF322,USDC,PT-RUSD-31JUL2025,6,13872.767142,0.9997649620685616,13869.506515507617
ethereum,Supply,0xBBBBBbbBBb9cC5e90e3b3Af64bdAF62C37EEFFCb,22800407,2025-06-28 04:00:23,f8f7112ae60e942b6418b70fad5219ef93305ac6a8f119beac63712be822189e,8dfc2dbed7d9360e5d87a0e4c3ce2909574300f9d6b6f46267f6fe176163051b,166,377,,0xd41830d88dfD08678b0B886E0122193d54b02Acc,0xd41830d88dfD08678b0B886E0122193d54b02Acc,64299110918,63709133938158416,0x4005ba6eb7d2221fe58102bd320aa6d83c47b212771bc950ab71c5074d9ab0ec,0xA0b86991c6218b36c1d19D4a2e9Eb0cE3606eB48,0x2CA5f2C4300450D53214B00546795c1c07B89acB,USDC,PT-slvlUSD-25SEP2025,6,64299.110918,0.9997649620685616,64283.998187976504
ethereum,Supply,0xBBBBBbbBBb9cC5e90e3b3Af64bdAF62C37EEFFCb,22800446,2025-06-28 04:08:23,b27647e2cc76b39e44dbace6f6f6e3fe68a8b0636e01271fa40567fac1fd46f1,2aef5ce283651be3443a5ac461d2894978357facb3d92f9166d959c93f22e845,49,251,,0xA8875aaeBc4f830524e35d57F9772FfAcbdD6C45,0xA8875aaeBc4f830524e35d57F9772FfAcbdD6C45,32748775502,32748775502000000,0x54efdee08e272e929034a8f26f7ca34b1ebe364b275391169b28c6d7db24dbc8,0xA0b86991c6218b36c1d19D4a2e9Eb0cE3606eB48,0x0000000000000000000000000000000000000000,USDC,,6,32748.775502,0.9997649620685616,32741.07829754887
ethereum,Supply,0xBBBBBbbBBb9cC5e90e3b3Af64bdAF62C37EEFFCb,22800446,2025-06-28 04:08:23,b27647e2cc76b39e44dbace6f6f6e3fe68a8b0636e01271fa40567fac1fd46f1,2aef5ce283651be3443a5ac461d2894978357facb3d92f9166d959c93f22e845,49,270,,0x7204B7Dbf9412567835633B6F00C3Edc3a8D6330,0x7204B7Dbf9412567835633B6F00C3Edc3a8D6330,13247557,12763909296732,0x83b7ad16905809ea36482f4fbf6cfee9c9f316d128de9a5da1952607d5e4df5e,0xA0b86991c6218b36c1d19D4a2e9Eb0cE3606eB48,0xbEeFc011e94f43b8B7b455eBaB290C7Ab4E216f1,USDC,csUSDL,6,13.247557,0.9997649620685616,13.244443321606107
ethereum,Supply,0xBBBBBbbBBb9cC5e90e3b3Af64bdAF62C37EEFFCb,22800446,2025-06-28 04:08:23,b27647e2cc76b39e44dbace6f6f6e3fe68a8b0636e01271fa40567fac1fd46f1,2aef5ce283651be3443a5ac461d2894978357facb3d92f9166d959c93f22e845,49,280,,0xc080f56504e0278828A403269DB945F6c6D6E014,0xc080f56504e0278828A403269DB945F6c6D6E014,11800148402600093696,11800148402600093696000000,0xfd2d1fa27920a406bdf9f84300f7b4b086dec491a16adb5fdcdb06544ec523a5,0xA0d69E286B938e21CBf7E51D71F6A4c8918f482F,0x0000000000000000000000000000000000000000,eUSD,,18,11.800148402600094,0.9990185663114828,11.78856733942828
ethereum,Supply,0xBBBBBbbBBb9cC5e90e3b3Af64bdAF62C37EEFFCb,22800446,2025-06-28 04:08:23,b27647e2cc76b39e44dbace6f6f6e3fe68a8b0636e01271fa40567fac1fd46f1,bc49c86fdf39550a344c942cd90576949d800b99b192fa954f2be8894c07e19a,67,350,,0xc582F04d8a82795aa2Ff9c8bb4c1c889fe7b754e,0xc582F04d8a82795aa2Ff9c8bb4c1c889fe7b754e,2771368,2713689978754,0x729badf297ee9f2f6b3f717b96fd355fc6ec00422284ce1968e76647b258cf44,0xA0b86991c6218b36c1d19D4a2e9Eb0cE3606eB48,0x80ac24aA929eaF5013f6436cdA2a7ba190f5Cc0b,USDC,syrupUSDC,6,2.771368,0.9997649620685616,2.7707166233980254
ethereum,Supply,0xBBBBBbbBBb9cC5e90e3b3Af64bdAF62C37EEFFCb,22800463,2025-06-28 04:11:47,abd529d054d8c49061b8eb8e5df4bf5228c22bbb515debd0cc4595782773ed1b,b72f786801e8abaa67e79f66bd1021593c48db29258bef2f662ffed188e6227c,74,193,,0xbEef047a543E45807105E51A8BBEFCc5950fcfBa,0xbEef047a543E45807105E51A8BBEFCc5950fcfBa,157218638,144657714813635,0xa921ef34e2fc7a27ccc50ae7e4b154e16c9799d3387076c421423ef52ac4df99,0xdAC17F958D2ee523a2206206994597C13D831ec7,0x2260FAC5E5542a773Aa44fBCfeDf7C193bc2C599,USDT,WBTC,6,157.218638,0.9993557166771156,157.11734465349
ethereum,Supply,0xBBBBBbbBBb9cC5e90e3b3Af64bdAF62C37EEFFCb,22800479,2025-06-28 04:15:11,b234d8e0441a17a21830a04ba95fea5da9f3c40edb45b1d9d0a44606a049eae4,45b6b3e1990ff450360280aed68eb0aa461b290be08e3f947311c554a98bb941,80,232,,0xb5e4576C2FAA16b0cC59D1A2f3366164844Ef9E0,0xb5e4576C2FAA16b0cC59D1A2f3366164844Ef9E0,2200417023,2200417023000000,0xe04a6c17bd59c9fcbc2bcf0035be0e78974f2741b15dc079635e2f0137d38f2c,0xcbB7C0000aB88B473b1f5aFd9ef808440eed33Bf,0x0000000000000000000000000000000000000000,cbBTC,,8,22.00417023,66523.0398935035,1463784.2940337323
ethereum,Supply,0xBBBBBbbBBb9cC5e90e3b3Af64bdAF62C37EEFFCb,22800493,2025-06-28 04:17:59,3fbb8b89e41604957e8d77e0f627392ce25438b1b544d6f280bd9ab6b8bdf7e1,d2722d910d7e747c9143b3d2d3047c559d0dc5c0212fa4be69312fa6030b3df4,18,20,,0xdef1Fce2df6270Fdf7E1214343BeBbaB8583D43d,0xdef1Fce2df6270Fdf7E1214343BeBbaB8583D43d,39950467479000000000000,39013643710951910626978213026,0x3f1d5c88c72432b04f2074499fe217468af49ddaa98bcb6ec80b08f76a82c6ec,0xdC035D45d973E3EC169d2276DDab16f1e407384F,0xaaeE1A9723aaDB7afA2810263653A34bA2C21C7a,USDS,Mog,18,39950.467479,0.9996916167098236,39938.147422394744
ethereum,Supply,0xBBBBBbbBBb9cC5e90e3b3Af64bdAF62C37EEFFCb,22800496,2025-06-28 04:18:35,cb3f73abe06a539487e4ef78a6896628295508aebb5e746c0eab831db5c0948e,edc3bff2432adf01b5281948c8c2b45030b5f6a1fa678389a85d9a6b217fd785,134,368,,0xbEeFc011e94f43b8B7b455eBaB290C7Ab4E216f1,0xbEeFc011e94f43b8B7b455eBaB290C7Ab4E216f1,1089828622925047619,1081120769499576484285328,0x8d18658cd2688b702222c11467133c1c2237bd058ba2467e47bc360067ebe038,0x7751E2F4b8ae93EF6B79d86419d42FE3295A4559,0xcbB7C0000aB88B473b1f5aFd9ef808440eed33Bf,wUSDL,cbBTC,6,1089828622925.0476,1.0440041211774628e-12,1.1377855737109088
ethereum,Supply,0xBBBBBbbBBb9cC5e90e3b3Af64bdAF62C37EEFFCb,22800507,2025-06-28 04:20:47,7682089b5b14cca19148f4ad90d5e4856e98e67cbbaead49f99b540e00b16076,26821e8da0c3ca7d1b326f6d07da3ebcd207738aae4ad63e2c9b6bf3590f4798,24,104,,0xd63070114470f685b75B74D60EEc7c1113d33a3D,0xd63070114470f685b75B74D60EEc7c1113d33a3D,66609513745,66609513745000000,0x54efdee08e272e929034a8f26f7ca34b1ebe364b275391169b28c6d7db24dbc8,0xA0b86991c6218b36c1d19D4a2e9Eb0cE3606eB48,0x0000000000000000000000000000000000000000,USDC,,6,66609.513745,0.9997649620685616,66593.85798267525
ethereum,Supply,0xBBBBBbbBBb9cC5e90e3b3Af64bdAF62C37EEFFCb,22800515,2025-06-28 04:22:23,a805808ddf35cad10cd470eb24237f411badaf666ead95ab676510ebeefd68af,bc5b551d768cda96516a7d57c30759ede04c23d586307bc274694059f73d79a3,71,156,,0xdef1Fce2df6270Fdf7E1214343BeBbaB8583D43d,0xdef1Fce2df6270Fdf7E1214343BeBbaB8583D43d,878428779449902908667,857827754811255573845952707,0x3f1d5c88c72432b04f2074499fe217468af49ddaa98bcb6ec80b08f76a82c6ec,0xdC035D45d973E3EC169d2276DDab16f1e407384F,0xaaeE1A9723aaDB7afA2810263653A34bA2C21C7a,USDS,Mog,18,878.4287794499029,0.9996916167098236,878.1578866927106
ethereum,Supply,0xBBBBBbbBBb9cC5e90e3b3Af64bdAF62C37EEFFCb,22800522,2025-06-28 04:23:47,43a791904dbb129fa4891ae6e093fd1cb0d83a8c0e14ab818fb8981eff7e180c,c0df075fcbe92eefadff59e8d491db00d155421567905468298e8452ecd6c648,66,185,,0x68Aea7b82Df6CcdF76235D46445Ed83f85F845A3,0x68Aea7b82Df6CcdF76235D46445Ed83f85F845A3,6996791724,6996791724000000,0x54efdee08e272e929034a8f26f7ca34b1ebe364b275391169b28c6d7db24dbc8,0xA0b86991c6218b36c1d19D4a2e9Eb0cE3606eB48,0x0000000000000000000000000000000000000000,USDC,,6,6996.791724,0.9997649620685616,6995.147212546485
ethereum,Supply,0xBBBBBbbBBb9cC5e90e3b3Af64bdAF62C37EEFFCb,22800532,2025-06-28 04:25:47,710fafc708c6e39d0475beb8ceab3d6a2dcf3778689ed6a823caa052c2e9749a,19fb885aab6231ef4cc819e024ccb15bb98e79e0b99af690faaa4ac324c1be36,127,263,,0xd63070114470f685b75B74D60EEc7c1113d33a3D,0xd63070114470f685b75B74D60EEc7c1113d33a3D,139821217,134836202126814,0x8e7cc042d739a365c43d0a52d5f24160fa7ae9b7e7c9a479bd02a56041d4cf77,0xA0b86991c6218b36c1d19D4a2e9Eb0cE3606eB48,0x66a1E37c9b0eAddca17d3662D6c05F4DECf3e110,USDC,USR,6,139.821217,0.9997649620685616,139.7883537103851
ethereum,Supply,0xBBBBBbbBBb9cC5e90e3b3Af64bdAF62C37EEFFCb,22800532,2025-06-28 04:25:47,710fafc708c6e39d0475beb8ceab3d6a2dcf3778689ed6a823caa052c2e9749a,19fb885aab6231ef4cc819e024ccb15bb98e79e0b99af690faaa4ac324c1be36,127,268,,0xd63070114470f685b75B74D60EEc7c1113d33a3D,0xd63070114470f685b75B74D60EEc7c1113d33a3D,295296478809,282568904814760766,0xe1b65304edd8ceaea9b629df4c3c926a37d1216e27900505c04f14b2ed279f33,0xA0b86991c6218b36c1d19D4a2e9Eb0cE3606eB48,0x4956b52aE2fF65D74CA2d61207523288e4528f96,USDC,RLP,6,295296.478809,0.9997649620685616,295227.07293545967
ethereum,Supply,0xBBBBBbbBBb9cC5e90e3b3Af64bdAF62C37EEFFCb,22800532,2025-06-28 04:25:47,710fafc708c6e39d0475beb8ceab3d6a2dcf3778689ed6a823caa052c2e9749a,19fb885aab6231ef4cc819e024ccb15bb98e79e0b99af690faaa4ac324c1be36,127,273,,0xd63070114470f685b75B74D60EEc7c1113d33a3D,0xd63070114470f685b75B74D60EEc7c1113d33a3D,260374487899,252846236165602408,0xbfed072faee09b963949defcdb91094465c34c6c62d798b906274ef3563c9cac,0xA0b86991c6218b36c1d19D4a2e9Eb0cE3606eB48,0x738d1115B90efa71AE468F1287fc864775e23a31,USDC,srUSD,6,260374.487899,0.9997649620685616,260313.29001796487
ethereum,Supply,0xBBBBBbbBBb9cC5e90e3b3Af64bdAF62C37EEFFCb,22800532,2025-06-28 04:25:47,710fafc708c6e39d0475beb8ceab3d6a2dcf3778689ed6a823caa052c2e9749a,19fb885aab6231ef4cc819e024ccb15bb98e79e0b99af690faaa4ac324c1be36,127,278,,0xd63070114470f685b75B74D60EEc7c1113d33a3D,0xd63070114470f685b75B74D60EEc7c1113d33a3D,195642658167,191159917015994327,0x0f9563442d64ab3bd3bcb27058db0b0d4046a4c46f0acd811dacae9551d2b129,0xA0b86991c6218b36c1d19D4a2e9Eb0cE3606eB48,0x5C5b196aBE0d54485975D1Ec29617D42D9198326,USDC,sdeUSD,6,195642.658167,0.9997649620685616,195596.6747213233
ethereum,Supply,0xBBBBBbbBBb9cC5e90e3b3Af64bdAF62C37EEFFCb,22800532,2025-06-28 04:25:47,710fafc708c6e39d0475beb8ceab3d6a2dcf3778689ed6a823caa052c2e9749a,19fb885aab6231ef4cc819e024ccb15bb98e79e0b99af690faaa4ac324c1be36,127,283,,0xd63070114470f685b75B74D60EEc7c1113d33a3D,0xd63070114470f685b75B74D60EEc7c1113d33a3D,6231061157,6156733028040968,0xfae6c3fca4d2fe61c62d29541e84a728b660a0dbc99217750c1080a8fc7d0e45,0xA0b86991c6218b36c1d19D4a2e9Eb0cE3606eB48,0x14Bdc3A3AE09f5518b923b69489CBcAfB238e617,USDC,PT-eUSDE-14AUG2025,6,6231.061157,0.9997649620685616,6229.596621274993
ethereum,Supply,0xBBBBBbbBBb9cC5e90e3b3Af64bdAF62C37EEFFCb,22800532,2025-06-28 04:25:47,710fafc708c6e39d0475beb8ceab3d6a2dcf3778689ed6a823caa052c2e9749a,19fb885aab6231ef4cc819e024ccb15bb98e79e0b99af690faaa4ac324c1be36,127,288,,0xd63070114470f685b75B74D60EEc7c1113d33a3D,0xd63070114470f685b75B74D60EEc7c1113d33a3D,338852844984,331799991072614647,0x729badf297ee9f2f6b3f717b96fd355fc6ec00422284ce1968e76647b258cf44,0xA0b86991c6218b36c1d19D4a2e9Eb0cE3606eB48,0x80ac24aA929eaF5013f6436cdA2a7ba190f5Cc0b,USDC,syrupUSDC,6,338852.844984,0.9997649620685616,338773.201712253
ethereum,Supply,0xBBBBBbbBBb9cC5e90e3b3Af64bdAF62C37EEFFCb,22800532,2025-06-28 04:25:47,710fafc708c6e39d0475beb8ceab3d6a2dcf3778689ed6a823caa052c2e9749a,19fb885aab6231ef4cc819e024ccb15bb98e79e0b99af690faaa4ac324c1be36,127,293,,0xd63070114470f685b75B74D60EEc7c1113d33a3D,0xd63070114470f685b75B74D60EEc7c1113d33a3D,60089916221,57603400026540471,0x5f5bfaa51137098abc90b249c93b6051987877ada76135bb3dd7502b10d184a3,0xA0b86991c6218b36c1d19D4a2e9Eb0cE3606eB48,0x7C1156E515aA1A2E851674120074968C905aAF37,USDC,lvlUSD,6,60089.916221,0.9997649620685616,60075.79281139111
ethereum,Supply,0xBBBBBbbBBb9cC5e90e3b3Af64bdAF62C37EEFFCb,22800532,2025-06-28 04:25:47,710fafc708c6e39d0475beb8ceab3d6a2dcf3778689ed6a823caa052c2e9749a,19fb885aab6231ef4cc819e024ccb15bb98e79e0b99af690faaa4ac324c1be36,127,298,,0xd63070114470f685b75B74D60EEc7c1113d33a3D,0xd63070114470f685b75B74D60EEc7c1113d33a3D,104366175409,103212431374129721,0x544b0a093b130a3fb01b72a1279ab848575f049c73da3b5c9c718f9350a1519c,0xA0b86991c6218b36c1d19D4a2e9Eb0cE3606eB48,0xf10A134A987E22ffa9463570A6D1eb92a63Fc178,USDC,PT-csUSDL-31JUL2025,6,104366.175409,0.9997649620685616,104341.64539901973
ethereum,Supply,0xBBBBBbbBBb9cC5e90e3b3Af64bdAF62C37EEFFCb,22800532,2025-06-28 04:25:47,710fafc708c6e39d0475beb8ceab3d6a2dcf3778689ed6a823caa052c2e9749a,19fb885aab6231ef4cc819e024ccb15bb98e79e0b99af690faaa4ac324c1be36,127,303,,0xd63070114470f685b75B74D60EEc7c1113d33a3D,0xd63070114470f685b75B74D60EEc7c1113d33a3D,199959889508,197137770287730910,0x8b1bc4d682b04a16309a8adf77b35de0c42063a7944016cfc37a79ccac0007b6,0xA0b86991c6218b36c1d19D4a2e9Eb0cE3606eB48,0x4737D9b4592B40d51e110b94c9C043c6654067Ae,USDC,slvlUSD,6,199959.889508,0.9997649620685616,199912.89134919937
ethereum,Supply,0xBBBBBbbBBb9cC5e90e3b3Af64bdAF62C37EEFFCb,22800555,2025-06-28 04:30:23,5ed22b6c15ee4e28a964fa6cbbee630586aff3dd7a511f3602c020b63cb9d4bf,acd37fa88679f615bec5bc1489649121a5b9a7b0df774b66d1dc6d71404712ff,99,244,,0x9a8bC3B04b7f3D87cfC09ba407dCED575f2d61D8,0x9a8bC3B04b7f3D87cfC09ba407dCED575f2d61D8,361910286809373035963,353897119026507863578073182,0xd0e50cdac92fe2172043f5e0c36532c6369d24947e40968f34a5e8819ca9ec5d,0xC02aaA39b223FE8D0A0e5C4F27eAD9083C756Cc2,0x7f39C581F595B53c5cb19bD0b3f8dA6c935E2Ca0,WETH,wstETH,18,361.910286809373,1790.8610979237435,648131.0535853307
ethereum,Supply,0xBBBBBbbBBb9cC5e90e3b3Af64bdAF62C37EEFFCb,22800555,2025-06-28 04:30:23,5ed22b6c15ee4e28a964fa6cbbee630586aff3dd7a511f3602c020b63cb9d4bf,acd37fa88679f615bec5bc1489649121a5b9a7b0df774b66d1dc6d71404712ff,99,249,,0x9a8bC3B04b7f3D87cfC09ba407dCED575f2d61D8,0x9a8bC3B04b7f3D87cfC09ba407dCED575f2d61D8,121459877746282627279,117262110432817115073718926,0x138eec0e4a1937eb92ebc70043ed539661dd7ed5a89fb92a720b341650288a40,0xC02aaA39b223FE8D0A0e5C4F27eAD9083C756Cc2,0x2260FAC5E5542a773Aa44fBCfeDf7C193bc2C599,WETH,WBTC,18,121.45987774628263,1790.8610979237435,217517.77001439137
ethereum,Supply,0xBBBBBbbBBb9cC5e90e3b3Af64bdAF62C37EEFFCb,22800555,2025-06-28 04:30:23,5ed22b6c15ee4e28a964fa6cbbee630586aff3dd7a511f3602c020b63cb9d4bf,acd37fa88679f615bec5bc1489649121a5b9a7b0df774b66d1dc6d71404712ff,99,254,,0x9a8bC3B04b7f3D87cfC09ba407dCED575f2d61D8,0x9a8bC3B04b7f3D87cfC09ba407dCED575f2d61D8,4848861338955292476,4722065598138973416635725,0x2287407f0f42ad5ad224f70e4d9da37f02770f79959df703d6cfee8afc548e0d,0xC02aaA39b223FE8D0A0e5C4F27eAD9083C756Cc2,0x7122985656e38BDC0302Db86685bb972b145bD3C,WETH,STONE,18,4.848861338955293,1790.8610979237435,8683.63714116147
ethereum,Supply,0xBBBBBbbBBb9cC5e90e3b3Af64bdAF62C37EEFFCb,22800555,2025-06-28 04:30:23,5ed22b6c15ee4e28a964fa6cbbee630586aff3dd7a511f3602c020b63cb9d4bf,acd37fa88679f615bec5bc1489649121a5b9a7b0df774b66d1dc6d71404712ff,99,259,,0x9a8bC3B04b7f3D87cfC09ba407dCED575f2d61D8,0x9a8bC3B04b7f3D87cfC09ba407dCED575f2d61D8,116743249656611710654,113168315252781872156922311,0xa0534c78620867b7c8706e3b6df9e69a2bc67c783281b7a77e034ed75cee012e,0xC02aaA39b223FE8D0A0e5C4F27eAD9083C756Cc2,0xbf5495Efe5DB9ce00f80364C8B423567e58d2110,WETH,ezETH,18,116.74324965661171,1790.8610979237435,209070.94425522533
ethereum,Supply,0xBBBBBbbBBb9cC5e90e3b3Af64bdAF62C37EEFFCb,22800555,2025-06-28 04:30:23,5ed22b6c15ee4e28a964fa6cbbee630586aff3dd7a511f3602c020b63cb9d4bf,acd37fa88679f615bec5bc1489649121a5b9a7b0df774b66d1dc6d71404712ff,99,264,,0x9a8bC3B04b7f3D87cfC09ba407dCED575f2d61D8,0x9a8bC3B04b7f3D87cfC09ba407dCED575f2d61D8,26472909241831118805,25758713573580445897136969,0xf78b7d3a62437f78097745a5e3117a50c56a02ec5f072cba8d988a129c6d4fb6,0xC02aaA39b223FE8D0A0e5C4F27eAD9083C756Cc2,0x97Ad75064b20fb2B2447feD4fa953bF7F007a706,WETH,beraSTONE,18,26.47290924183112,1790.8610979237435,47409.303310061296
ethereum,Supply,0xBBBBBbbBBb9cC5e90e3b3Af64bdAF62C37EEFFCb,22800555,2025-06-28 04:30:23,5ed22b6c15ee4e28a964fa6cbbee630586aff3dd7a511f3602c020b63cb9d4bf,acd37fa88679f615bec5bc1489649121a5b9a7b0df774b66d1dc6d71404712ff,99,269,,0x9a8bC3B04b7f3D87cfC09ba407dCED575f2d61D8,0x9a8bC3B04b7f3D87cfC09ba407dCED575f2d61D8,74242314171654078464,72745721805636882136969858,0xba761af4134efb0855adfba638945f454f0a704af11fc93439e20c7c5ebab942,0xC02aaA39b223FE8D0A0e5C4F27eAD9083C756Cc2,0xA1290d69c65A6Fe4DF752f95823fae25cB99e5A7,WETH,rsETH,18,74.24231417165407,1790.8610979237435,132957.6722698479
ethereum,Supply,0xBBBBBbbBBb9cC5e90e3b3Af64bdAF62C37EEFFCb,22800555,2025-06-28 04:30:23,5ed22b6c15ee4e28a964fa6cbbee630586aff3dd7a511f3602c020b63cb9d4bf,acd37fa88679f615bec5bc1489649121a5b9a7b0df774b66d1dc6d71404712ff,99,274,,0x9a8bC3B04b7f3D87cfC09ba407dCED575f2d61D8,0x9a8bC3B04b7f3D87cfC09ba407dCED575f2d61D8,159578171517910586396,155642396598586745063948830,0xb8fc70e82bc5bb53e773626fcc6a23f7eefa036918d7ef216ecfb1950a94a85e,0xC02aaA39b223FE8D0A0e5C4F27eAD9083C756Cc2,0x7f39C581F595B53c5cb19bD0b3f8dA6c935E2Ca0,WETH,wstETH,18,159.5781715179106,1790.8610979237435,285782.33944922884
ethereum,Supply,0xBBBBBbbBBb9cC5e90e3b3Af64bdAF62C37EEFFCb,22800570,2025-06-28 04:33:23,60c7dd10bbc425c65a12c8953bb2420f2541170e5c07e01274e166a4304d1760,f3107ce417bce5300dfa63531f18182be3e236523bea2b794a8f2fc7228a9485,99,261,,0xBEeFFF209270748ddd194831b3fa287a5386f5bC,0xBEeFFF209270748ddd194831b3fa287a5386f5bC,95262,89262327892,0x718af3af39b183758849486340b69466e3e89b84b7884188323416621ee91cb7,0xA0b86991c6218b36c1d19D4a2e9Eb0cE3606eB48,0x1f9840a85d5aF5bf1D1762F925BDADdC4201F984,USDC,UNI,6,0.095262,0.9997649620685616,0.09523960981657531
ethereum,Supply,0xBBBBBbbBBb9cC5e90e3b3Af64bdAF62C37EEFFCb,22800570,2025-06-28 04:33:23,60c7dd10bbc425c65a12c8953bb2420f2541170e5c07e01274e166a4304d1760,f3107ce417bce5300dfa63531f18182be3e236523bea2b794a8f2fc7228a9485,99,266,,0xBEeFFF209270748ddd194831b3fa287a5386f5bC,0xBEeFFF209270748ddd194831b3fa287a5386f5bC,3247481,3069802973151,0x27852bb453d4fe6ec918dd27b7136bb233d210aab1758a59ed8daaeec24f7b3d,0xA0b86991c6218b36c1d19D4a2e9Eb0cE3606eB48,0x386AE941D4262B0Ee96354499dF2ab8442734EC0,USDC,PT-sUSDE-27FEB2025,6,3.247481,0.9997649620685616,3.2467177187833745
ethereum,Supply,0xBBBBBbbBBb9cC5e90e3b3Af64bdAF62C37EEFFCb,22800570,2025-06-28 04:33:23,60c7dd10bbc425c65a12c8953bb2420f2541170e5c07e01274e166a4304d1760,f3107ce417bce5300dfa63531f18182be3e236523bea2b794a8f2fc7228a9485,99,271,,0xBEeFFF209270748ddd194831b3fa287a5386f5bC,0xBEeFFF209270748ddd194831b3fa287a5386f5bC,10697285669,10568092165594049,0xa3819a7d2aee958ca0e7404137d012b51ea47d051db69d94656956eff8c80c23,0xA0b86991c6218b36c1d19D4a2e9Eb0cE3606eB48,0xCcE7D12f683c6dAe700154f0BAdf779C0bA1F89A,USDC,PT-syrupUSDC-28AUG2025,6,10697.285669,0.9997649620685616,10694.771401104354
ethereum,Supply,0xBBBBBbbBBb9cC5e90e3b3Af64bdAF62C37EEFFCb,22800570,2025-06-28 04:33:23,60c7dd10bbc425c65a12c8953bb2420f2541170e5c07e01274e166a4304d1760,f3107ce417bce5300dfa63531f18182be3e236523bea2b794a8f2fc7228a9485,99,276,,0xBEeFFF209270748ddd194831b3fa287a5386f5bC,0xBEeFFF209270748ddd194831b3fa287a5386f5bC,10913899390,10793239916982304,0x544b0a093b130a3fb01b72a1279ab848575f049c73da3b5c9c718f9350a1519c,0xA0b86991c6218b36c1d19D4a2e9Eb0cE3606eB48,0xf10A134A987E22ffa9463570A6D1eb92a63Fc178,USDC,PT-csUSDL-31JUL2025,6,10913.89939,0.9997649620685616,10911.334209663448
ethereum,Supply,0xBBBBBbbBBb9cC5e90e3b3Af64bdAF62C37EEFFCb,22800570,2025-06-28 04:33:23,60c7dd10bbc425c65a12c8953bb2420f2541170e5c07e01274e166a4304d1760,f3107ce417bce5300dfa63531f18182be3e236523bea2b794a8f2fc7228a9485,99,281,,0xBEeFFF209270748ddd194831b3fa287a5386f5bC,0xBEeFFF209270748ddd194831b3fa287a5386f5bC,12131069237,11688151308132977,0x83b7ad16905809ea36482f4fbf6cfee9c9f316d128de9a5da1952607d5e4df5e,0xA0b86991c6218b36c1d19D4a2e9Eb0cE3606eB48,0xbEeFc011e94f43b8B7b455eBaB290C7Ab4E216f1,USDC,csUSDL,6,12131.069237,0.9997649620685616,12128.217975580399
ethereum,Supply,0xBBBBBbbBBb9cC5e90e3b3Af64bdAF62C37EEFFCb,22800570,2025-06-28 04:33:23,60c7dd10bbc425c65a12c8953bb2420f2541170e5c07e01274e166a4304d1760,f3107ce417bce5300dfa63531f18182be3e236523bea2b794a8f2fc7228a9485,99,286,,0xBEeFFF209270748ddd194831b3fa287a5386f5bC,0xBEeFFF209270748ddd194831b3fa287a5386f5bC,17814188036,17774975052163444,0x3a3b0aab54883f5b2561d8327fbe234142db4f50f87574cd07daf2ed3fbee01a,0xA0b86991c6218b36c1d19D4a2e9Eb0cE3606eB48,0x5f2F6324AA5590e408BA892e39ceC4C0afB16068,USDC,PT-iUSD-4SEP2025,6,17814.188036,0.9997649620685616,17810.001026093763
ethereum,Supply,0xBBBBBbbBBb9cC5e90e3b3Af64bdAF62C37EEFFCb,22800570,2025-06-28 04:33:23,60c7dd10bbc425c65a12c8953bb2420f2541170e5c07e01274e166a4304d1760,f3107ce417bce5300dfa63531f18182be3e236523bea2b794a8f2fc7228a9485,99,291,,0xBEeFFF209270748ddd194831b3fa287a5386f5bC,0xBEeFFF209270748ddd194831b3fa287a5386f5bC,18496777082,18438163173736800,0x8a71a66ac828c2b6d4f8accce5859aba0822b502f3833bec4aff09479affffdb,0xA0b86991c6218b36c1d19D4a2e9Eb0cE3606eB48,0xB10DA2F9147f9cf2B8826877Cd0c95c18A0f42dc,USDC,PT-cUSDO-20NOV2025,6,18496.777082,0.9997649620685616,18492.42963777637
ethereum,Supply,0xBBBBBbbBBb9cC5e90e3b3Af64bdAF62C37EEFFCb,22800570,2025-06-28 04:33:23,60c7dd10bbc425c65a12c8953bb2420f2541170e5c07e01274e166a4304d1760,f3107ce417bce5300dfa63531f18182be3e236523bea2b794a8f2fc7228a9485,99,296,,0xBEeFFF209270748ddd194831b3fa287a5386f5bC,0xBEeFFF209270748ddd194831b3fa287a5386f5bC,341980448893,341423475629988958,0xef2c308b5abecf5c8750a1aa82b47c558005feb7a03f4f8e1ad682d71ac8d0ba,0xA0b86991c6218b36c1d19D4a2e9Eb0cE3606eB48,0x238a700eD6165261Cf8b2e544ba797BC11e466Ba,USDC,mF-ONE,6,341980.448893,0.9997649620685616,341900.0705156998
ethereum,Supply,0xBBBBBbbBBb9cC5e90e3b3Af64bdAF62C37EEFFCb,22800570,2025-06-28 04:33:23,60c7dd10bbc425c65a12c8953bb2420f2541170e5c07e01274e166a4304d1760,f3107ce417bce5300dfa63531f18182be3e236523bea2b794a8f2fc7228a9485,99,299,,0xBEeFFF209270748ddd194831b3fa287a5386f5bC,0xBEeFFF209270748ddd194831b3fa287a5386f5bC,3804840,3769916036541,0x4005ba6eb7d2221fe58102bd320aa6d83c47b212771bc950ab71c5074d9ab0ec,0xA0b86991c6218b36c1d19D4a2e9Eb0cE3606eB48,0x2CA5f2C4300450D53214B00546795c1c07B89acB,USDC,PT-slvlUSD-25SEP2025,6,3.80484,0.9997649620685616,3.803945718276946
ethereum,Supply,0xBBBBBbbBBb9cC5e90e3b3Af64bdAF62C37EEFFCb,22800573,2025-06-28 04:33:59,e13d806ca0be79639c11947777af6b8c687d8958b0a318226915a472b7af322c,0242fabfaa73d6d0460fb08bfa775426c7646659a63edde59489a23c899b026e,38,164,,0xbEEF36A5C1372F8D7d211527FCE9f83FE02d8A73,0xbEEF36A5C1372F8D7d211527FCE9f83FE02d8A73,87366241589137,86173008133105692923,0x0cf0597c314f60b9e42d4666073014cf4f7cdf72dea45626aa1caad695c74f2a,0xC02aaA39b223FE8D0A0e5C4F27eAD9083C756Cc2,0x833AdaeF212c5cD3f78906B44bBfb18258F238F0,WETH,bbqWSTETH,18,8.7366241589137e-05,1790.8610979237435,0.15646080333379292
ethereum,Supply,0xBBBBBbbBBb9cC5e90e3b3Af64bdAF62C37EEFFCb,22800573,2025-06-28 04:33:59,e13d806ca0be79639c11947777af6b8c687d8958b0a318226915a472b7af322c,0242fabfaa73d6d0460fb08bfa775426c7646659a63edde59489a23c899b026e,38,169,,0xbEEF36A5C1372F8D7d211527FCE9f83FE02d8A73,0xbEEF36A5C1372F8D7d211527FCE9f83FE02d8A73,48675715336604897477,47936110010747156437780525,0xf0edbb36183591ff28c56fdb283fdd6896cf1298990e5913208902adb87d2b75,0xC02aaA39b223FE8D0A0e5C4F27eAD9083C756Cc2,0x657d9ABA1DBb59e53f9F3eCAA878447dCfC96dCb,WETH,ynETHx,18,48.675715336604895,1790.8610979237435,87171.44500993584
ethereum,Supply,0xBBBBBbbBBb9cC5e90e3b3Af64bdAF62C37EEFFCb,22800573,2025-06-28 04:33:59,e13d806ca0be79639c11947777af6b8c687d8958b0a318226915a472b7af322c,0242fabfaa73d6d0460fb08bfa775426c7646659a63edde59489a23c899b026e,38,172,,0xbEEF36A5C1372F8D7d211527FCE9f83FE02d8A73,0xbEEF36A5C1372F8D7d211527FCE9f83FE02d8A73,5444348434037,5277629691033433928,0xa0534c78620867b7c8706e3b6df9e69a2bc67c783281b7a77e034ed75cee012e,0xC02aaA39b223FE8D0A0e5C4F27eAD9083C756Cc2,0xbf5495Efe5DB9ce00f80364C8B423567e58d2110,WETH,ezETH,18,5.444348434037e-06,1790.8610979237435,0.009750071814058915
ethereum,Supply,0xBBBBBbbBBb9cC5e90e3b3Af64bdAF62C37EEFFCb,22800574,2025-06-28 04:34:11,3271d2febb98559505e550fff38fa537fb4082797f83d2ec15222e6a24f42989,ea88fa358f274d545840aba66f336bd95a2f0d91f4f1aa72625e4ea8a44fa632,57,248,,0xBeEFB45B6F9acB175e70acF16dC20D6120044c70,0xBeEFB45B6F9acB175e70acF16dC20D6120044c70,2896836013367359089,2859031892295567520537268,0x2cbfb38723a8d9a2ad1607015591a78cfe3a5949561b39bde42c242b22874ec0,0xC02aaA39b223FE8D0A0e5C4F27eAD9083C756Cc2,0xcbB7C0000aB88B473b1f5aFd9ef808440eed33Bf,WETH,cbBTC,18,2.896836013367359,1790.8610979237435,5187.830923404109
ethereum,Supply,0xBBBBBbbBBb9cC5e90e3b3Af64bdAF62C37EEFFCb,22800574,2025-06-28 04:34:11,3271d2febb98559505e550fff38fa537fb4082797f83d2ec15222e6a24f42989,ea88fa358f274d545840aba66f336bd95a2f0d91f4f1aa72625e4ea8a44fa632,57,253,,0xBeEFB45B6F9acB175e70acF16dC20D6120044c70,0xBeEFB45B6F9acB175e70acF16dC20D6120044c70,3886864285298426171,3790999660626157835750500,0xb8fc70e82bc5bb53e773626fcc6a23f7eefa036918d7ef216ecfb1950a94a85e,0xC02aaA39b223FE8D0A0e5C4F27eAD9083C756Cc2,0x7f39C581F595B53c5cb19bD0b3f8dA6c935E2Ca0,WETH,wstETH,18,3.8868642852984263,1790.8610979237435,6960.834041450126
ethereum,Supply,0xBBBBBbbBBb9cC5e90e3b3Af64bdAF62C37EEFFCb,22800574,2025-06-28 04:34:11,3271d2febb98559505e550fff38fa537fb4082797f83d2ec15222e6a24f42989,ea88fa358f274d545840aba66f336bd95a2f0d91f4f1aa72625e4ea8a44fa632,57,256,,0xBeEFB45B6F9acB175e70acF16dC20D6120044c70,0xBeEFB45B6F9acB175e70acF16dC20D6120044c70,41212357780,39788015442104017,0x138eec0e4a1937eb92ebc70043ed539661dd7ed5a89fb92a720b341650288a40,0xC02aaA39b223FE8D0A0e5C4F27eAD9083C756Cc2,0x2260FAC5E5542a773Aa44fBCfeDf7C193bc2C599,WETH,WBTC,18,4.121235778e-08,1790.8610979237435,7.380560830191694e-05
ethereum,Supply,0xBBBBBbbBBb9cC5e90e3b3Af64bdAF62C37EEFFCb,22800594,2025-06-28 04:38:11,a8fa1e6620385f3ad493cdf0f467ff1deff3ccb4901d49334fb3a6f9f9673736,d3fc8339ea4b5bd03827f1b6e291ec795665507bf349ee010c4d4219039b4596,1,28,,0xE89371eAaAC6D46d4C3ED23453241987916224FC,0xE89371eAaAC6D46d4C3ED23453241987916224FC,6300000000000000000,6160508809751253232263838,0xd0e50cdac92fe2172043f5e0c36532c6369d24947e40968f34a5e8819ca9ec5d,0xC02aaA39b223FE8D0A0e5C4F27eAD9083C756Cc2,0x7f39C581F595B53c5cb19bD0b3f8dA6c935E2Ca0,WETH,wstETH,18,6.3,1790.8610979237435,11282.424916919585
ethereum,Supply,0xBBBBBbbBBb9cC5e90e3b3Af64bdAF62C37EEFFCb,22800594,2025-06-28 04:38:11,a8fa1e6620385f3ad493cdf0f467ff1deff3ccb4901d49334fb3a6f9f9673736,d3fc8339ea4b5bd03827f1b6e291ec795665507bf349ee010c4d4219039b4596,1,61,,0xE89371eAaAC6D46d4C3ED23453241987916224FC,0xE89371eAaAC6D46d4C3ED23453241987916224FC,18266804446984557,17862350749468529011014,0xd0e50cdac92fe2172043f5e0c36532c6369d24947e40968f34a5e8819ca9ec5d,0xC02aaA39b223FE8D0A0e5C4F27eAD9083C756Cc2,0x7f39C581F595B53c5cb19bD0b3f8dA6c935E2Ca0,WETH,wstETH,18,0.018266804446984558,1790.8610979237435,32.71330946748508
ethereum,Supply,0xBBBBBbbBBb9cC5e90e3b3Af64bdAF62C37EEFFCb,22800645,2025-06-28 04:48:23,94a1ef6d81a8e2ec5a5dd439f0352cf3c7fbef5aa78e6187d8ca35820736bc0f,c2a2af8d8e06552b68ff590d5f66309a920d4600c33780b75e4b395264364cfe,109,516,,0xdef1Fce2df6270Fdf7E1214343BeBbaB8583D43d,0xdef1Fce2df6270Fdf7E1214343BeBbaB8583D43d,9287016127000021794234,9069079017712306277893589882,0x3f1d5c88c72432b04f2074499fe217468af49ddaa98bcb6ec80b08f76a82c6ec,0xdC035D45d973E3EC169d2276DDab16f1e407384F,0xaaeE1A9723aaDB7afA2810263653A34bA2C21C7a,USDS,Mog,18,9287.016127000023,0.9996916167098236,9284.152166410857
ethereum,Supply,0xBBBBBbbBBb9cC5e90e3b3Af64bdAF62C37EEFFCb,22800680,2025-06-28 04:55:35,dfc5faa45f44d6bf3078d63dcc01c6af6ef059d0ac04535632c1349e4864822b,0c3ec8da785f38dededcc5b18d3a2ce99a42445a72ab6127d77642837f8d1841,115,279,,0x4881Ef0BF6d2365D3dd6499ccd7532bcdBCE0658,0x4881Ef0BF6d2365D3dd6499ccd7532bcdBCE0658,371575337396081940073,364582039996251356328412473,0xb7ad412532006bf876534ccae59900ddd9d1d1e394959065cb39b12b22f94ff5,0xC02aaA39b223FE8D0A0e5C4F27eAD9083C756Cc2,0xe1B4d34E8754600962Cd944B535180Bd758E6c2e,WETH,agETH,18,371.5753373960819,1790.8610979237435,665439.8166905327
ethereum,Supply,0xBBBBBbbBBb9cC5e90e3b3Af64bdAF62C37EEFFCb,22800714,2025-06-28 05:02:23,21658dafdaf305592ecf0ebd7ba00d608e2041e65febccf8f305ce83c6ec6824,02650d64358ef1491787468bd6d8f7fcca30e7ec359a723c708ca5f19e283f8d,64,58,,0xBEeFFF209270748ddd194831b3fa287a5386f5bC,0xBEeFFF209270748ddd194831b3fa287a5386f5bC,95262,91569796864,0xd9e34b1eed46d123ac1b69b224de1881dbc88798bc7b70f504920f62f58f28cc,0xA0b86991c6218b36c1d19D4a2e9Eb0cE3606eB48,0x1202F5C7b4B9E47a1A484E8B270be34dbbC75055,USDC,wstUSR,6,0.095262,0.9997649620685616,0.09523960981657531
ethereum,Supply,0xBBBBBbbBBb9cC5e90e3b3Af64bdAF62C37EEFFCb,22800714,2025-06-28 05:02:23,21658dafdaf305592ecf0ebd7ba00d608e2041e65febccf8f305ce83c6ec6824,02650d64358ef1491787468bd6d8f7fcca30e7ec359a723c708ca5f19e283f8d,64,68,,0x214B47C50057eFaa7adc1B1C2608C3751Cd77D78,0x214B47C50057eFaa7adc1B1C2608C3751Cd77D78,17530,16850565168,0xd9e34b1eed46d123ac1b69b224de1881dbc88798bc7b70f504920f62f58f28cc,0xA0b86991c6218b36c1d19D4a2e9Eb0cE3606eB48,0x1202F5C7b4B9E47a1A484E8B270be34dbbC75055,USDC,wstUSR,6,0.01753,0.9997649620685616,0.017525879785061885
ethereum,Supply,0xBBBBBbbBBb9cC5e90e3b3Af64bdAF62C37EEFFCb,22800715,2025-06-28 05:02:35,fcb26dea9933603a43f824d188d8163cdfb7dd2462495744fc5c603431ff8253,a8402e8844fb3b85d08e8d968630d8de5346afee6033b6f1fa924cccb41da2b1,59,300,,0xc582F04d8a82795aa2Ff9c8bb4c1c889fe7b754e,0xc582F04d8a82795aa2Ff9c8bb4c1c889fe7b754e,124274,121686901927,0x729badf297ee9f2f6b3f717b96fd355fc6ec00422284ce1968e76647b258cf44,0xA0b86991c6218b36c1d19D4a2e9Eb0cE3606eB48,0x80ac24aA929eaF5013f6436cdA2a7ba190f5Cc0b,USDC,syrupUSDC,6,0.124274,0.9997649620685616,0.12424479089610842
ethereum,Supply,0xBBBBBbbBBb9cC5e90e3b3Af64bdAF62C37EEFFCb,22800729,2025-06-28 05:05:23,c854fa515bde5232b209f2b45f8b39506251881292f5875003b3c9eb42edb946,2e8c163ffbd538e5bb7a645fd7aa34beb2cd980778a3c4f0ba9e86bba9ba5d04,21,141,,0x000001ac4e512d670c34feDf6c71cE2F49fb160a,0x4095F064B8d3c3548A3bebfd0Bbfd04750E30077,100000000000,98744245040947681,0x3bdb58058b41bb700458ba3df317e254244ddec7fc35fec93d2d53475cc6ebdc,0xA0b86991c6218b36c1d19D4a2e9Eb0cE3606eB48,0xCcE7D12f683c6dAe700154f0BAdf779C0bA1F89A,USDC,PT-syrupUSDC-28AUG2025,6,100000.0,0.9997649620685616,99976.49620685616
ethereum,Supply,0xBBBBBbbBBb9cC5e90e3b3Af64bdAF62C37EEFFCb,22800731,2025-06-28 05:05:47,f6a9274100a65683848bfea3099f4fa8dad6b76fcc69dc6600d4392f59db486d,6843a6cb3f4c42aba580bffdac3801168edbf252afa46c6259a8dbee1fec7f35,56,82,,0x755C29BB7FC850A0D26BED32BD625A775f611032,0x919bb505e26139d4F87a2108511479B5Dd4B0230,1170735555035,1071998270715477061,0xb323495f7e4148be5643a4ea4a8221eef163e4bccfdedc2a6f4696baacbc86cc,0xA0b86991c6218b36c1d19D4a2e9Eb0cE3606eB48,0x7f39C581F595B53c5cb19bD0b3f8dA6c935E2Ca0,USDC,wstETH,6,1170735.555035,0.9997649620685616,1170460.387771883
ethereum,Supply,0xBBBBBbbBBb9cC5e90e3b3Af64bdAF62C37EEFFCb,22800783,2025-06-28 05:16:11,b054b3fd678f5e0745d8e011151c450dba6d3fa618ea5db6d32157e389a2cfb2,251957e3b2dc663ba8a7002434d38e4ebe37b056edc2bda54824d6e8f77a0899,63,270,,0x73e65DBD630f90604062f6E02fAb9138e713edD9,0x73e65DBD630f90604062f6E02fAb9138e713edD9,22706634318593661629997067,22600456700514867735287260517010,0xa458018cf1a6e77ebbcc40ba5776ac7990e523b7cc5d0c1e740a4bbc13190d8f,0x6B175474E89094C44Da98b954EedeAC495271d0F,0xFfEc096c087C13Cc268497B89A613cACE4DF9A48,DAI,PT-USDS-14AUG2025,18,22706634.318593662,0.9998387039923518,22702971.829130944
ethereum,Supply,0xBBBBBbbBBb9cC5e90e3b3Af64bdAF62C37EEFFCb,22800792,2025-06-28 05:17:59,22c37bb27a77a3721fbf26042b0205ffa488796bb2e87c5ab2c57a7d95e0ef4a,cbd1f76508334c3922a63de0db57c801da35ba0b62261aff3811d649dd3eb1f5,23,76,,0xbEeFc011e94f43b8B7b455eBaB290C7Ab4E216f1,0xbEeFc011e94f43b8B7b455eBaB290C7Ab4E216f1,9990992301404941187,9911146950849130810025430,0x8d18658cd2688b702222c11467133c1c2237bd058ba2467e47bc360067ebe038,0x7751E2F4b8ae93EF6B79d86419d42FE3295A4559,0xcbB7C0000aB88B473b1f5aFd9ef808440eed33Bf,wUSDL,cbBTC,6,9990992301404.941,1.0440041211774628e-12,10.430637137319064
ethereum,Supply,0xBBBBBbbBBb9cC5e90e3b3Af64bdAF62C37EEFFCb,22800797,2025-06-28 05:18:59,b6af7de40290815c319b1527b6ef17d8d21b4767731c6f2b5a3ff6086e933676,cf239a44a3c854320bffa9d74f7a8999cfdc694ee8b9457d94b4b0ec228b1410,54,241,,0x68Aea7b82Df6CcdF76235D46445Ed83f85F845A3,0x68Aea7b82Df6CcdF76235D46445Ed83f85F845A3,600000000000,600000000000000000,0x54efdee08e272e929034a8f26f7ca34b1ebe364b275391169b28c6d7db24dbc8,0xA0b86991c6218b36c1d19D4a2e9Eb0cE3606eB48,0x0000000000000000000000000000000000000000,USDC,,6,600000.0,0.9997649620685616,599858.977241137
ethereum,Supply,0xBBBBBbbBBb9cC5e90e3b3Af64bdAF62C37EEFFCb,22800819,2025-06-28 05:23:23,99fb7ae0dd230582b297a7f1b6479bc836c4ba4f108133b250e0755ed2ef43ee,4e1c63c69b107364e54a7fd19253b4566fb493dbe79af67c2b215d9332df5ebc,0,9,,0x4881Ef0BF6d2365D3dd6499ccd7532bcdBCE0658,0x4881Ef0BF6d2365D3dd6499ccd7532bcdBCE0658,86900000000000000000,84756576242847934366205527,0xb8fc70e82bc5bb53e773626fcc6a23f7eefa036918d7ef216ecfb1950a94a85e,0xC02aaA39b223FE8D0A0e5C4F27eAD9083C756Cc2,0x7f39C581F595B53c5cb19bD0b3f8dA6c935E2Ca0,WETH,wstETH,18,86.9,1790.8610979237435,155625.8294095733
ethereum,Supply,0xBBBBBbbBBb9cC5e90e3b3Af64bdAF62C37EEFFCb,22800831,2025-06-28 05:25:47,4d0ec1bc512e219deae1f2beab8e946f3a4102e46211994aee688e90a7f65396,f2055a2b0d471cee45709a36d9b8ddcc69336397330e26e7c73e2048b33b791c,154,386,,0xd63070114470f685b75B74D60EEc7c1113d33a3D,0xd63070114470f685b75B74D60EEc7c1113d33a3D,302148303471,296539129676626236,0xbf6687cb042a09451e66ebc11d7716c49fb8ccc75f484f7fab0eed6624bd5838,0xA0b86991c6218b36c1d19D4a2e9Eb0cE3606eB48,0x030b69280892c888670EDCDCD8B69Fd8026A0BF3,USDC,mMEV,6,302148.303471,0.9997649620685616,302077.28715876455
ethereum,Supply,0xBBBBBbbBBb9cC5e90e3b3Af64bdAF62C37EEFFCb,22800831,2025-06-28 05:25:47,4d0ec1bc512e219deae1f2beab8e946f3a4102e46211994aee688e90a7f65396,f2055a2b0d471cee45709a36d9b8ddcc69336397330e26e7c73e2048b33b791c,154,391,,0xd63070114470f685b75B74D60EEc7c1113d33a3D,0xd63070114470f685b75B74D60EEc7c1113d33a3D,111389069934,106466129865849848,0xa59b6c3c6d1df322195bfb48ddcdcca1a4c0890540e8ee75815765096c1e8971,0xA0b86991c6218b36c1d19D4a2e9Eb0cE3606eB48,0x1d08E7adC263CfC70b1BaBe6dC5Bb339c16Eec52,USDC,USD0USD0++,6,111389.069934,0.9997649620685616,111362.88927741787
ethereum,Supply,0xBBBBBbbBBb9cC5e90e3b3Af64bdAF62C37EEFFCb,22800831,2025-06-28 05:25:47,4d0ec1bc512e219deae1f2beab8e946f3a4102e46211994aee688e90a7f65396,f2055a2b0d471cee45709a36d9b8ddcc69336397330e26e7c73e2048b33b791c,154,396,,0xd63070114470f685b75B74D60EEc7c1113d33a3D,0xd63070114470f685b75B74D60EEc7c1113d33a3D,73575475,72697395058732,0xfae6c3fca4d2fe61c62d29541e84a728b660a0dbc99217750c1080a8fc7d0e45,0xA0b86991c6218b36c1d19D4a2e9Eb0cE3606eB48,0x14Bdc3A3AE09f5518b923b69489CBcAfB238e617,USDC,PT-eUSDE-14AUG2025,6,73.575475,0.9997649620685616,73.5581819725514
ethereum,Supply,0xBBBBBbbBBb9cC5e90e3b3Af64bdAF62C37EEFFCb,22800831,2025-06-28 05:25:47,4d0ec1bc512e219deae1f2beab8e946f3a4102e46211994aee688e90a7f65396,f2055a2b0d471cee45709a36d9b8ddcc69336397330e26e7c73e2048b33b791c,154,401,,0xd63070114470f685b75B74D60EEc7c1113d33a3D,0xd63070114470f685b75B74D60EEc7c1113d33a3D,36672917978,35365114933305520,0x8e7cc042d739a365c43d0a52d5f24160fa7ae9b7e7c9a479bd02a56041d4cf77,0xA0b86991c6218b36c1d19D4a2e9Eb0cE3606eB48,0x66a1E37c9b0eAddca17d3662D6c05F4DECf3e110,USDC,USR,6,36672.917978,0.9997649620685616,36664.29845121864
ethereum,Supply,0xBBBBBbbBBb9cC5e90e3b3Af64bdAF62C37EEFFCb,22800831,2025-06-28 05:25:47,4d0ec1bc512e219deae1f2beab8e946f3a4102e46211994aee688e90a7f65396,f2055a2b0d471cee45709a36d9b8ddcc69336397330e26e7c73e2048b33b791c,154,406,,0xd63070114470f685b75B74D60EEc7c1113d33a3D,0xd63070114470f685b75B74D60EEc7c1113d33a3D,115375065611,114315412400312128,0x4005ba6eb7d2221fe58102bd320aa6d83c47b212771bc950ab71c5074d9ab0ec,0xA0b86991c6218b36c1d19D4a2e9Eb0cE3606eB48,0x2CA5f2C4300450D53214B00546795c1c07B89acB,USDC,PT-slvlUSD-25SEP2025,6,115375.065611,0.9997649620685616,115347.94809423921
ethereum,Supply,0xBBBBBbbBBb9cC5e90e3b3Af64bdAF62C37EEFFCb,22800831,2025-06-28 05:25:47,4d0ec1bc512e219deae1f2beab8e946f3a4102e46211994aee688e90a7f65396,f2055a2b0d471cee45709a36d9b8ddcc69336397330e26e7c73e2048b33b791c,154,411,,0xd63070114470f685b75B74D60EEc7c1113d33a3D,0xd63070114470f685b75B74D60EEc7c1113d33a3D,149708177997,146964800242790152,0xbed987dd46049adb1ff34de8ef761a9da3b08890fa7fff629ea9b66d049de823,0xA0b86991c6218b36c1d19D4a2e9Eb0cE3606eB48,0xc8CF6D7991f15525488b2A83Df53468D682Ba4B0,USDC,sUSDf,6,149708.177997,0.9997649620685616,149672.99089652416
ethereum,Supply,0xBBBBBbbBBb9cC5e90e3b3Af64bdAF62C37EEFFCb,22800831,2025-06-28 05:25:47,4d0ec1bc512e219deae1f2beab8e946f3a4102e46211994aee688e90a7f65396,f2055a2b0d471cee45709a36d9b8ddcc69336397330e26e7c73e2048b33b791c,154,416,,0xd63070114470f685b75B74D60EEc7c1113d33a3D,0xd63070114470f685b75B74D60EEc7c1113d33a3D,41799035973,41404813732952110,0x60154d71ec96b7aee2864326662cb731172f1ebd6ca0e64af9bc8659831ed0ff,0xA0b86991c6218b36c1d19D4a2e9Eb0cE3606eB48,0x19Ebd191f7A24ECE672ba13A302212b5eF7F35cb,USDC,yUSD,6,41799.035973,0.9997649620685616,41789.211614048785
ethereum,Supply,0xBBBBBbbBBb9cC5e90e3b3Af64bdAF62C37EEFFCb,22800831,2025-06-28 05:25:47,4d0ec1bc512e219deae1f2beab8e946f3a4102e46211994aee688e90a7f65396,f2055a2b0d471cee45709a36d9b8ddcc69336397330e26e7c73e2048b33b791c,154,421,,0xd63070114470f685b75B74D60EEc7c1113d33a3D,0xd63070114470f685b75B74D60EEc7c1113d33a3D,72671882361,69539187400080834,0xe1b65304edd8ceaea9b629df4c3c926a37d1216e27900505c04f14b2ed279f33,0xA0b86991c6218b36c1d19D4a2e9Eb0cE3606eB48,0x4956b52aE2fF65D74CA2d61207523288e4528f96,USDC,RLP,6,72671.882361,0.9997649620685616,72654.80171209613
ethereum,Supply,0xBBBBBbbBBb9cC5e90e3b3Af64bdAF62C37EEFFCb,22800856,2025-06-28 05:30:47,c203584e6ca349654baa5b524a41a867f86475361652780a3a7e6393eb88abd5,27ecd29a919cef75344d87ac198586af5eb7a61730a7bb8e4ac239cae776e01f,100,209,,0x20e934c725b6703f0aC696F1689008057dB9Ac44,0x20e934c725b6703f0aC696F1689008057dB9Ac44,26656978173389848807578,23473616821594756272141243576,0x1247f1c237eceae0602eab1470a5061a6dd8f734ba88c7cdc5d6109fb0026b28,0x6B175474E89094C44Da98b954EedeAC495271d0F,0x9D39A5DE30e57443BfF2A8307A4256c8797A3497,DAI,sUSDe,18,26656.97817338985,0.9998387039923518,26652.678509234516
ethereum,Supply,0xBBBBBbbBBb9cC5e90e3b3Af64bdAF62C37EEFFCb,22800856,2025-06-28 05:30:47,c203584e6ca349654baa5b524a41a867f86475361652780a3a7e6393eb88abd5,27ecd29a919cef75344d87ac198586af5eb7a61730a7bb8e4ac239cae776e01f,100,218,,0x500331c9fF24D9d11aee6B07734Aa72343EA74a5,0x500331c9fF24D9d11aee6B07734Aa72343EA74a5,26657390508369221113194,23473979915762631146670297748,0x1247f1c237eceae0602eab1470a5061a6dd8f734ba88c7cdc5d6109fb0026b28,0x6B175474E89094C44Da98b954EedeAC495271d0F,0x9D39A5DE30e57443BfF2A8307A4256c8797A3497,DAI,sUSDe,18,26657.390508369223,0.9998387039923518,26653.090777705904
ethereum,Supply,0xBBBBBbbBBb9cC5e90e3b3Af64bdAF62C37EEFFCb,22800857,2025-06-28 05:30:59,6b716e7bfaa143eedf6d6b043ff5a488100cae285668e706fcf2cb43f31e9981,0763e6acdb9de6a328106c9f15e68f2b34e4d1e587c93338a3c47f4908c67850,37,466,,0xdef1Fce2df6270Fdf7E1214343BeBbaB8583D43d,0xdef1Fce2df6270Fdf7E1214343BeBbaB8583D43d,130273645576553199540,127213443400957924692929476,0x3f1d5c88c72432b04f2074499fe217468af49ddaa98bcb6ec80b08f76a82c6ec,0xdC035D45d973E3EC169d2276DDab16f1e407384F,0xaaeE1A9723aaDB7afA2810263653A34bA2C21C7a,USDS,Mog,18,130.2736455765532,0.9996916167098236,130.23347136110704
ethereum,Supply,0xBBBBBbbBBb9cC5e90e3b3Af64bdAF62C37EEFFCb,22800857,2025-06-28 05:30:59,6b716e7bfaa143eedf6d6b043ff5a488100cae285668e706fcf2cb43f31e9981,9f7fca471e8d16411a35bf38ba3eaee2fee1d841f79e49f8bd36ada70a331782,100,611,,0x9a8bC3B04b7f3D87cfC09ba407dCED575f2d61D8,0x9a8bC3B04b7f3D87cfC09ba407dCED575f2d61D8,571860144871032653846,557220431878685885053470356,0x5f8a138ba332398a9116910f4d5e5dcd9b207024c5290ce5bc87bc2dbd8e4a86,0xC02aaA39b223FE8D0A0e5C4F27eAD9083C756Cc2,0xE72B141DF173b999AE7c1aDcbF60Cc9833Ce56a8,WETH,ETH+,18,571.8601448710326,1790.8610979237435,1024122.0869025685
ethereum,Supply,0xBBBBBbbBBb9cC5e90e3b3Af64bdAF62C37EEFFCb,22800857,2025-06-28 05:30:59,6b716e7bfaa143eedf6d6b043ff5a488100cae285668e706fcf2cb43f31e9981,9f7fca471e8d16411a35bf38ba3eaee2fee1d841f79e49f8bd36ada70a331782,100,616,,0x9a8bC3B04b7f3D87cfC09ba407dCED575f2d61D8,0x9a8bC3B04b7f3D87cfC09ba407dCED575f2d61D8,52806197720055981375,52744314413509993440468781,0x8aa8614fca17b7efd787e3677bab78fce4a4928866375e86275001515b1f8114,0xC02aaA39b223FE8D0A0e5C4F27eAD9083C756Cc2,0x734eec7930bc84eC5732022B9EB949A81fB89AbE,WETH,ETH0,18,52.806197720055984,1790.8610979237435,94568.56522611775
ethereum,Supply,0xBBBBBbbBBb9cC5e90e3b3Af64bdAF62C37EEFFCb,22800860,2025-06-28 05:31:35,d7cff84d321d565de2fb6b9c3779e26de8c4e4e6b00337cba7635ecb4a42e9d1,1b3430275c8e4f832d0aedaddc56521f837263084b603114e677648565aa79e0,55,120,,0xE89371eAaAC6D46d4C3ED23453241987916224FC,0xE89371eAaAC6D46d4C3ED23453241987916224FC,3794436469433461,3710418251294095043149,0xd0e50cdac92fe2172043f5e0c36532c6369d24947e40968f34a5e8819ca9ec5d,0xC02aaA39b223FE8D0A0e5C4F27eAD9083C756Cc2,0x7f39C581F595B53c5cb19bD0b3f8dA6c935E2Ca0,WETH,wstETH,18,0.003794436469433461,1790.8610979237435,6.795308661651501
ethereum,Supply,0xBBBBBbbBBb9cC5e90e3b3Af64bdAF62C37EEFFCb,22800869,2025-06-28 05:33:23,ea9a80475229229ae02aab0dee924c7a603b3f6c25a44aff422c4e11aec126bf,19520bbdabf556f63192c352d27a4d47b2c1b99d8a9e63e53d8b8f5ea14ab05b,56,204,,0xBeEf11eCb698f4B5378685C05A210bdF71093521,0xBeEf11eCb698f4B5378685C05A210bdF71093521,201787528955371035401,201189257830677547881942691,0xca260ba9ffe237d9b85106e9fe926baa6a0645d15c8c3976b914301fc6927d1a,0x09D4214C03D01F49544C0448DBE3A27f768F2b34,0x3bd0C522eA444eA2B3F28777e8C20248b6E33252,rUSD,PT-wsrUSD-31JUL2025,18,201.78752895537104,1.0022414254017424,202.23982064852646
ethereum,Supply,0xBBBBBbbBBb9cC5e90e3b3Af64bdAF62C37EEFFCb,22800869,2025-06-28 05:33:23,ea9a80475229229ae02aab0dee924c7a603b3f6c25a44aff422c4e11aec126bf,19520bbdabf556f63192c352d27a4d47b2c1b99d8a9e63e53d8b8f5ea14ab05b,56,207,,0xBeEf11eCb698f4B5378685C05A210bdF71093521,0xBeEf11eCb698f4B5378685C05A210bdF71093521,241225509997308829801660,241225509997308829801660000000,0x779c536c70b70a70734d1882c8496695d4da583c49d4ed9bda99d1ec963522b7,0x09D4214C03D01F49544C0448DBE3A27f768F2b34,0x0000000000000000000000000000000000000000,rUSD,,18,241225.50999730884,1.0022414254017424,241766.19898296508
ethereum,Supply,0xBBBBBbbBBb9cC5e90e3b3Af64bdAF62C37EEFFCb,22800869,2025-06-28 05:33:23,ea9a80475229229ae02aab0dee924c7a603b3f6c25a44aff422c4e11aec126bf,19520bbdabf556f63192c352d27a4d47b2c1b99d8a9e63e53d8b8f5ea14ab05b,56,210,,0xBeEf11eCb698f4B5378685C05A210bdF71093521,0xBeEf11eCb698f4B5378685C05A210bdF71093521,1402879743503502382,1323645349258249534774216,0xc84cdb5a63207d8c2e7251f758a435c6bd10b4eaefdaf36d7650159bf035962e,0x09D4214C03D01F49544C0448DBE3A27f768F2b34,0x738d1115B90efa71AE468F1287fc864775e23a31,rUSD,srUSD,18,1.4028797435035023,1.0022414254017424,1.406024193796181
ethereum,Supply,0xBBBBBbbBBb9cC5e90e3b3Af64bdAF62C37EEFFCb,22800870,2025-06-28 05:33:35,26f17b1196e4f19edbb0dc567db6a75e41df65032d3591e53229d553509cbab2,ab9bfd5c8f851d9364b4b92efb56cb3ccb17bc024d53f1ae908d1d1473d7aeba,44,231,,0xbeeFfF68CC520D68f82641EFF84330C631E2490E,0xbeeFfF68CC520D68f82641EFF84330C631E2490E,69746353809910348849736,61417258740069244856729405124,0x1247f1c237eceae0602eab1470a5061a6dd8f734ba88c7cdc5d6109fb0026b28,0x6B175474E89094C44Da98b954EedeAC495271d0F,0x9D39A5DE30e57443BfF2A8307A4256c8797A3497,DAI,sUSDe,18,69746.35380991035,0.9998387039923518,69735.10400149279
ethereum,Supply,0xBBBBBbbBBb9cC5e90e3b3Af64bdAF62C37EEFFCb,22800870,2025-06-28 05:33:35,26f17b1196e4f19edbb0dc567db6a75e41df65032d3591e53229d553509cbab2,ab9bfd5c8f851d9364b4b92efb56cb3ccb17bc024d53f1ae908d1d1473d7aeba,44,234,,0xbeeFfF68CC520D68f82641EFF84330C631E2490E,0xbeeFfF68CC520D68f82641EFF84330C631E2490E,41443076311038997,40911961764097054097599,0xb81eaed0df42ff6646c8daf4fe38afab93b13b6a89c9750d08e705223a45e2ef,0x6B175474E89094C44Da98b954EedeAC495271d0F,0x3b3fB9C57858EF816833dC91565EFcd85D96f634,DAI,PT-sUSDE-31JUL2025,18,0.041443076311038995,0.9998387039923518,0.041436391708285364
ethereum,Supply,0xBBBBBbbBBb9cC5e90e3b3Af64bdAF62C37EEFFCb,22800899,2025-06-28 05:39:23,53611ba3b993e1ef05b6e44fdaeb2b9cb23f6509e19276fbebeeefd26cbe623d,b1fdfbe7f6d7911143211e64e1241252f53eb13c7143d3242edebfd82d7c7375,21,608,,0xE89371eAaAC6D46d4C3ED23453241987916224FC,0xE89371eAaAC6D46d4C3ED23453241987916224FC,1800000000000000000,1760143265775450953580711,0xd0e50cdac92fe2172043f5e0c36532c6369d24947e40968f34a5e8819ca9ec5d,0xC02aaA39b223FE8D0A0e5C4F27eAD9083C756Cc2,0x7f39C581F595B53c5cb19bD0b3f8dA6c935E2Ca0,WETH,wstETH,18,1.8,1790.8610979237435,3223.5499762627383
ethereum,Supply,0xBBBBBbbBBb9cC5e90e3b3Af64bdAF62C37EEFFCb,22800915,2025-06-28 05:42:35,e94d7dc11d18b3caf2353f93be041d201fcf0590beb3cefe43f62907f4f85931,93d4f95023f48aae5cb255b69f433608041d8bcb4a1fa0e7b43ce97737383a55,100,279,,0x833AdaeF212c5cD3f78906B44bBfb18258F238F0,0x833AdaeF212c5cD3f78906B44bBfb18258F238F0,1159674406906250464,1149410678974470937848859,0x3c16c2d107caade490b1d513ccc54cbd06a30f20ad6a9aaad8c744413872514a,0x7f39C581F595B53c5cb19bD0b3f8dA6c935E2Ca0,0x657d9ABA1DBb59e53f9F3eCAA878447dCfC96dCb,wstETH,ynETHx,18,1.1596744069062506,2214.219750873676,2567.773976354536
ethereum,Supply,0xBBBBBbbBBb9cC5e90e3b3Af64bdAF62C37EEFFCb,22800935,2025-06-28 05:46:35,ede2a7b30adbb06b7dac7d1b8c32fc4a9c21384e37afdf13f7dc93cb95bbc5e3,c13bd57f4102ee4964055914cd20ebac96c61f8d6c6c46e1cd654b93c722bf72,35,128,,0x9a8bC3B04b7f3D87cfC09ba407dCED575f2d61D8,0x9a8bC3B04b7f3D87cfC09ba407dCED575f2d61D8,100000000000000000000,97439867886200650985790611,0x5f8a138ba332398a9116910f4d5e5dcd9b207024c5290ce5bc87bc2dbd8e4a86,0xC02aaA39b223FE8D0A0e5C4F27eAD9083C756Cc2,0xE72B141DF173b999AE7c1aDcbF60Cc9833Ce56a8,WETH,ETH+,18,100.0,1790.8610979237435,179086.10979237434
ethereum,Supply,0xBBBBBbbBBb9cC5e90e3b3Af64bdAF62C37EEFFCb,22800935,2025-06-28 05:46:35,ede2a7b30adbb06b7dac7d1b8c32fc4a9c21384e37afdf13f7dc93cb95bbc5e3,c13bd57f4102ee4964055914cd20ebac96c61f8d6c6c46e1cd654b93c722bf72,35,150,,0x4881Ef0BF6d2365D3dd6499ccd7532bcdBCE0658,0x4881Ef0BF6d2365D3dd6499ccd7532bcdBCE0658,50000000000000000000,48766690191657718508499606,0xb8fc70e82bc5bb53e773626fcc6a23f7eefa036918d7ef216ecfb1950a94a85e,0xC02aaA39b223FE8D0A0e5C4F27eAD9083C756Cc2,0x7f39C581F595B53c5cb19bD0b3f8dA6c935E2Ca0,WETH,wstETH,18,50.0,1790.8610979237435,89543.05489618717
ethereum,Supply,0xBBBBBbbBBb9cC5e90e3b3Af64bdAF62C37EEFFCb,22800984,2025-06-28 05:56:23,5c295b22977f1d7f2da956e2a932bc85e4323ebfd6d4dd6d9a918b69d8b25108,4cbf0ac6563c5b7309400247cc07561703609fd4f4b6add8a760a2b8319751dc,15,129,,0x1E2aAaDcF528b9cC08F43d4fd7db488cE89F5741,0x1E2aAaDcF528b9cC08F43d4fd7db488cE89F5741,231514706,211988678433407,0xb323495f7e4148be5643a4ea4a8221eef163e4bccfdedc2a6f4696baacbc86cc,0xA0b86991c6218b36c1d19D4a2e9Eb0cE3606eB48,0x7f39C581F595B53c5cb19bD0b3f8dA6c935E2Ca0,USDC,wstETH,6,231.514706,0.9997649620685616,231.46029126240418
ethereum,Supply,0xBBBBBbbBBb9cC5e90e3b3Af64bdAF62C37EEFFCb,22800985,2025-06-28 05:56:35,c3ee00738918b3f2a16fabdacbeed6d98edee0dad4873c30d2d5922481b35051,19a2338943f3252da007a14b7971a23f555deeff77482bb814ca684fbc45f8c9,57,152,,0x1E2aAaDcF528b9cC08F43d4fd7db488cE89F5741,0x1E2aAaDcF528b9cC08F43d4fd7db488cE89F5741,211957236,194080689850848,0xb323495f7e4148be5643a4ea4a8221eef163e4bccfdedc2a6f4696baacbc86cc,0xA0b86991c6218b36c1d19D4a2e9Eb0cE3606eB48,0x7f39C581F595B53c5cb19bD0b3f8dA6c935E2Ca0,USDC,wstETH,6,211.957236,0.9997649620685616,211.90741800969715
ethereum,Supply,0xBBBBBbbBBb9cC5e90e3b3Af64bdAF62C37EEFFCb,22800988,2025-06-28 05:57:11,3b37a9971234f5935b64a73bd2e56a4bc1cee4f982c91d28eb1ad49bc4c0a4cd,89058cc159bf4592a74c0a35e9f0c806721d85fab3d4c3cca1d8caf58200063d,16,88,,0x1E2aAaDcF528b9cC08F43d4fd7db488cE89F5741,0x1E2aAaDcF528b9cC08F43d4fd7db488cE89F5741,200603576,183684595392980,0xb323495f7e4148be5643a4ea4a8221eef163e4bccfdedc2a6f4696baacbc86cc,0xA0b86991c6218b36c1d19D4a2e9Eb0cE3606eB48,0x7f39C581F595B53c5cb19bD0b3f8dA6c935E2Ca0,USDC,wstETH,6,200.603576,0.9997649620685616,200.55642655045781
ethereum,Supply,0xBBBBBbbBBb9cC5e90e3b3Af64bdAF62C37EEFFCb,22800991,2025-06-28 05:57:47,78338f98b63bd8fc7296cf5a6d9c7e28a162fe90ad1e6fab7616c553631f3939,8d01ac46d2561a8f413009b96124c737eb860d4a910e95f1c71420fd9b818834,75,176,,0x1E2aAaDcF528b9cC08F43d4fd7db488cE89F5741,0x1E2aAaDcF528b9cC08F43d4fd7db488cE89F5741,62445353,57178686697398,0xb323495f7e4148be5643a4ea4a8221eef163e4bccfdedc2a6f4696baacbc86cc,0xA0b86991c6218b36c1d19D4a2e9Eb0cE3606eB48,0x7f39C581F595B53c5cb19bD0b3f8dA6c935E2Ca0,USDC,wstETH,6,62.445353,0.9997649620685616,62.430675973402934
ethereum,Supply,0xBBBBBbbBBb9cC5e90e3b3Af64bdAF62C37EEFFCb,22800994,2025-06-28 05:58:23,cb29b8111b4fc0d5882cdf0e1902a4fb9536cb4f5a9592c9bb9360c4126ed428,d6284af2787486e4417e60e9d5ba8ad0e500bc09e136fe677518ad95104f9ccd,6,85,,0x1E2aAaDcF528b9cC08F43d4fd7db488cE89F5741,0x1E2aAaDcF528b9cC08F43d4fd7db488cE89F5741,57532887,52680538330949,0xb323495f7e4148be5643a4ea4a8221eef163e4bccfdedc2a6f4696baacbc86cc,0xA0b86991c6218b36c1d19D4a2e9Eb0cE3606eB48,0x7f39C581F595B53c5cb19bD0b3f8dA6c935E2Ca0,USDC,wstETH,6,57.532887,0.9997649620685616,57.51936458924984
ethereum,Supply,0xBBBBBbbBBb9cC5e90e3b3Af64bdAF62C37EEFFCb,22800996,2025-06-28 05:58:47,10a4e44475643cb04084b0029766587fc6b56a76cdc09123c96beb89481e8700,2ea4b14a3ad566b824027a0ca43a9567934986f138f254f6d607e242c039b9ce,62,213,,0xdef1Fce2df6270Fdf7E1214343BeBbaB8583D43d,0xdef1Fce2df6270Fdf7E1214343BeBbaB8583D43d,1540936656991496919213,1504715316265975521197952181,0x3f1d5c88c72432b04f2074499fe217468af49ddaa98bcb6ec80b08f76a82c6ec,0xdC035D45d973E3EC169d2276DDab16f1e407384F,0xaaeE1A9723aaDB7afA2810263653A34bA2C21C7a,USDS,Mog,18,1540.9366569914969,0.9996916167098236,1540.4614578752605
