chain,token_address,symbol,price_usd,price_source,priced_at
base,0x04C0599Ae5A44757c0af6F9eC3b93da8976c150A,weETH,1977.5335823907144,defillama,2026-06-16T09:07:31.666011+00:00
base,0x1C2757c1FeF1038428b5bEF062495ce94BBe92b2,mBASIS,1.19214421,defillama,2026-06-16T09:07:31.666011+00:00
base,0x2Ae3F1Ec7F1F5012CFEab0185bfc7aa3cf0DEc22,cbETH,2043.691693234847,defillama,2026-06-16T09:07:31.666011+00:00
base,0x4200000000000000000000000000000000000006,WETH,1802.8491664761689,defillama,2026-06-16T09:07:31.666011+00:00
base,0x60a3E35Cc302bFA44Cb288Bc5a4F316Fdb1adb42,EURC,1.1599080347053472,defillama,2026-06-16T09:07:31.666011+00:00
base,0x833589fCD6eDb6E08f4c7C32D4f71b54bdA02913,USDC,0.99984180004272,defillama,2026-06-16T09:07:31.666011+00:00
base,0xCb327b99fF831bF8223cCEd12B1338FF3aA322Ff,bsdETH,1938.5096558875173,defillama,2026-06-16T09:07:31.666011+00:00
base,0xCfA3Ef56d303AE4fAabA0592388F19d7C3399FB4,eUSD,0.9990185663114828,defillama,2026-06-16T09:07:31.666011+00:00
base,0xcbB7C0000aB88B473b1f5aFd9ef808440eed33Bf,cbBTC,66826.4870936436,defillama,2026-06-16T09:07:31.666011+00:00
ethereum,0x0022228a2cc5E7eF0274A7Baa600d44da5aB5776,stUSD,,,2026-06-16T09:52:54.382327+00:00
ethereum,0x030b69280892c888670EDCDCD8B69Fd8026A0BF3,mMEV,1.12689032,defillama,2026-06-16T09:52:54.382327+00:00
ethereum,0x06B964d96f5dCF7Eae9d7C559B09EDCe244d4B8E,USUALX,0.01807545627290755,defillama,2026-06-16T09:52:54.382327+00:00
ethereum,0x09D4214C03D01F49544C0448DBE3A27f768F2b34,rUSD,1.0022414254017424,defillama,2026-06-16T09:52:54.382327+00:00
ethereum,0x1132065009850C72E27B7950C0f9285d1D103589,PT-mMEV-31JUL2025,,,2026-06-16T09:52:54.382327+00:00
ethereum,0x1202F5C7b4B9E47a1A484E8B270be34dbbC75055,wstUSR,0.16800802559166042,defillama,2026-06-16T09:52:54.382327+00:00
ethereum,0x14Bdc3A3AE09f5518b923b69489CBcAfB238e617,PT-eUSDE-14AUG2025,,,2026-06-16T09:52:54.382327+00:00
ethereum,0x19Ebd191f7A24ECE672ba13A302212b5eF7F35cb,yUSD,0.998454,defillama,2026-06-16T09:52:54.382327+00:00
ethereum,0x1d08E7adC263CfC70b1BaBe6dC5Bb339c16Eec52,USD0USD0++,0.9803282910915838,defillama,2026-06-16T09:52:54.382327+00:00
ethereum,0x1f9840a85d5aF5bf1D1762F925BDADdC4201F984,UNI,2.9399885071343834,defillama,2026-06-16T09:52:54.382327+00:00
ethereum,0x207F7205fd6c4b602Fa792C8b2B60e6006D4a0b8,PT-lvlUSD-25SEP2025,,,2026-06-16T09:52:54.382327+00:00
ethereum,0x21aacE56a8F21210b7E76d8eF1a77253Db85BF0a,PT-fxSAVE-30OCT2025,,,2026-06-16T09:52:54.382327+00:00
ethereum,0x2260FAC5E5542a773Aa44fBCfeDf7C193bc2C599,WBTC,66495.15175446602,defillama,2026-06-16T09:52:54.382327+00:00
ethereum,0x238a700eD6165261Cf8b2e544ba797BC11e466Ba,mF-ONE,1.0956944103820903,defillama,2026-06-16T09:52:54.382327+00:00
ethereum,0x23E60d1488525bf4685f53b3aa8E676c30321066,PT-wstUSR-25SEP2025,,,2026-06-16T09:52:54.382327+00:00
ethereum,0x2CA5f2C4300450D53214B00546795c1c07B89acB,PT-slvlUSD-25SEP2025,,,2026-06-16T09:52:54.382327+00:00
ethereum,0x386AE941D4262B0Ee96354499dF2ab8442734EC0,PT-sUSDE-27FEB2025,,,2026-06-16T09:52:54.382327+00:00
ethereum,0x3b3fB9C57858EF816833dC91565EFcd85D96f634,PT-sUSDE-31JUL2025,0.9995129890057067,defillama,2026-06-16T09:52:54.382327+00:00
ethereum,0x3bd0C522eA444eA2B3F28777e8C20248b6E33252,PT-wsrUSD-31JUL2025,,,2026-06-16T09:52:54.382327+00:00
ethereum,0x4737D9b4592B40d51e110b94c9C043c6654067Ae,slvlUSD,1.1314284007070798,defillama,2026-06-16T09:52:54.382327+00:00
ethereum,0x4956b52aE2fF65D74CA2d61207523288e4528f96,RLP,0.1961871976434843,defillama,2026-06-16T09:52:54.382327+00:00
ethereum,0x4c9EDD5852cd905f086C759E8383e09bff1E68B3,USDe,0.9994122168584847,defillama,2026-06-16T09:52:54.382327+00:00
ethereum,0x5C5b196aBE0d54485975D1Ec29617D42D9198326,sdeUSD,1.0705667284549919e-08,defillama,2026-06-16T09:52:54.382327+00:00
ethereum,0x5a5b93F762739fa94F3EcC0b34Af2e56702E7f70,PT-USR-4SEP2025,,,2026-06-16T09:52:54.382327+00:00
ethereum,0x5f2F6324AA5590e408BA892e39ceC4C0afB16068,PT-iUSD-4SEP2025,,,2026-06-16T09:52:54.382327+00:00
ethereum,0x64351fC9810aDAd17A690E4e1717Df5e7e085160,msETH,1796.8084822910205,defillama,2026-06-16T09:52:54.382327+00:00
ethereum,0x657d9ABA1DBb59e53f9F3eCAA878447dCfC96dCb,ynETHx,1926.003073116818,defillama,2026-06-16T09:52:54.382327+00:00
ethereum,0x66a1E37c9b0eAddca17d3662D6c05F4DECf3e110,USR,0.14829041826991893,defillama,2026-06-16T09:52:54.382327+00:00
ethereum,0x699e04F98dE2Fc395a7dcBf36B48EC837A976490,tacUSD,,,2026-06-16T09:52:54.382327+00:00
ethereum,0x6B175474E89094C44Da98b954EedeAC495271d0F,DAI,0.9998387039923518,defillama,2026-06-16T09:52:54.382327+00:00
ethereum,0x7122985656e38BDC0302Db86685bb972b145bD3C,STONE,1920.1127863672502,defillama,2026-06-16T09:52:54.382327+00:00
ethereum,0x734eec7930bc84eC5732022B9EB949A81fB89AbE,ETH0,1801.5935955968782,defillama,2026-06-16T09:52:54.382327+00:00
ethereum,0x738d1115B90efa71AE468F1287fc864775e23a31,srUSD,1.149192899031218,defillama,2026-06-16T09:52:54.382327+00:00
ethereum,0x73A15FeD60Bf67631dC6cd7Bc5B6e8da8190aCF5,USD0,0.9990388851713168,defillama,2026-06-16T09:52:54.382327+00:00
ethereum,0x742B4166878Bfd339Db65a29a17E49b81a6B6Aac,PT-RLP-4SEP2025,,,2026-06-16T09:52:54.382327+00:00
ethereum,0x76e222b07C53D28b89b0bAc18602810Fc22B49A8,JOE,0.006215159979653741,defillama,2026-06-16T09:52:54.382327+00:00
ethereum,0x7751E2F4b8ae93EF6B79d86419d42FE3295A4559,wUSDL,1.0440041211774628e-12,defillama,2026-06-16T09:52:54.382327+00:00
ethereum,0x7C1156E515aA1A2E851674120074968C905aAF37,lvlUSD,0.9994720310419628,defillama,2026-06-16T09:52:54.382327+00:00
ethereum,0x7f39C581F595B53c5cb19bD0b3f8dA6c935E2Ca0,wstETH,2214.219750873676,defillama,2026-06-16T09:52:54.382327+00:00
ethereum,0x80ac24aA929eaF5013f6436cdA2a7ba190f5Cc0b,syrupUSDC,1.168731460374458,defillama,2026-06-16T09:52:54.382327+00:00
ethereum,0x8236a87084f8B84306f72007F36F2618A5634494,LBTC,66912.49196938424,defillama,2026-06-16T09:52:54.382327+00:00
ethereum,0x833AdaeF212c5cD3f78906B44bBfb18258F238F0,bbqWSTETH,2264.8945653495844,defillama,2026-06-16T09:52:54.382327+00:00
ethereum,0x8A47b431A7D947c6a3ED6E42d501803615a97EAa,PT-USDe-27MAR2025,,,2026-06-16T09:52:54.382327+00:00
ethereum,0x90455bd11Ce8a67C57d467e634Dc142b8e4105Aa,cUSDOUSDC,1.0361738308244768,defillama,2026-06-16T09:52:54.382327+00:00
ethereum,0x90D2af7d622ca3141efA4d8f1F24d86E5974Cc8F,eUSDe,0.9994616558612609,defillama,2026-06-16T09:52:54.382327+00:00
ethereum,0x917459337CaAC939D41d7493B3999f571D20D667,PT-USDe-31JUL2025,,,2026-06-16T09:52:54.382327+00:00
ethereum,0x97Ad75064b20fb2B2447feD4fa953bF7F007a706,beraSTONE,1805.57579178801,defillama,2026-06-16T09:52:54.382327+00:00
ethereum,0x9D39A5DE30e57443BfF2A8307A4256c8797A3497,sUSDe,1.2350038551944404,defillama,2026-06-16T09:52:54.382327+00:00
ethereum,0xA0b86991c6218b36c1d19D4a2e9Eb0cE3606eB48,USDC,0.9997649620685616,defillama,2026-06-16T09:52:54.382327+00:00
ethereum,0xA0d69E286B938e21CBf7E51D71F6A4c8918f482F,eUSD,0.9990185663114828,defillama,2026-06-16T09:52:54.382327+00:00
ethereum,0xA1290d69c65A6Fe4DF752f95823fae25cB99e5A7,rsETH,1922.7853442421163,defillama,2026-06-16T09:52:54.382327+00:00
ethereum,0xB10DA2F9147f9cf2B8826877Cd0c95c18A0f42dc,PT-cUSDO-20NOV2025,,,2026-06-16T09:52:54.382327+00:00
ethereum,0xC02aaA39b223FE8D0A0e5C4F27eAD9083C756Cc2,WETH,1790.8610979237435,defillama,2026-06-16T09:52:54.382327+00:00
ethereum,0xC4441c2BE5d8fA8126822B9929CA0b81Ea0DE38E,USUAL,0.010400400078726455,defillama,2026-06-16T09:52:54.382327+00:00
ethereum,0xCcE7D12f683c6dAe700154f0BAdf779C0bA1F89A,PT-syrupUSDC-28AUG2025,0.9997553492994898,defillama,2026-06-16T09:52:54.382327+00:00
ethereum,0xCd5fE23C85820F7B72D0926FC9b05b43E359b7ee,weETH,1977.5335823907142,defillama,2026-06-16T09:52:54.382327+00:00
ethereum,0xE72B141DF173b999AE7c1aDcbF60Cc9833Ce56a8,ETH+,1950.8574779898217,defillama,2026-06-16T09:52:54.382327+00:00
ethereum,0xFa2B947eEc368f42195f24F36d2aF29f7c24CeC2,USDf,0.9944550003816696,defillama,2026-06-16T09:52:54.382327+00:00
ethereum,0xFfEc096c087C13Cc268497B89A613cACE4DF9A48,PT-USDS-14AUG2025,0.9996812730567383,defillama,2026-06-16T09:52:54.382327+00:00
ethereum,0xaaeE1A9723aaDB7afA2810263653A34bA2C21C7a,Mog,1.2261964450286115e-07,defillama,2026-06-16T09:52:54.382327+00:00
ethereum,0xbEeFc011e94f43b8B7b455eBaB290C7Ab4E216f1,csUSDL,1.056475333505889,defillama,2026-06-16T09:52:54.382327+00:00
ethereum,0xbf5495Efe5DB9ce00f80364C8B423567e58d2110,ezETH,1942.4699082181414,defillama,2026-06-16T09:52:54.382327+00:00
ethereum,0xc8CF6D7991f15525488b2A83Df53468D682Ba4B0,sUSDf,1.1146742687171736,defillama,2026-06-16T09:52:54.382327+00:00
ethereum,0xcbB7C0000aB88B473b1f5aFd9ef808440eed33Bf,cbBTC,66523.0398935035,defillama,2026-06-16T09:52:54.382327+00:00
ethereum,0xdAC17F958D2ee523a2206206994597C13D831ec7,USDT,0.9993557166771156,defillama,2026-06-16T09:52:54.382327+00:00
ethereum,0xdC035D45d973E3EC169d2276DDab16f1e407384F,USDS,0.9996916167098235,defillama,2026-06-16T09:52:54.382327+00:00
ethereum,0xe1B4d34E8754600962Cd944B535180Bd758E6c2e,agETH,1916.015273641316,defillama,2026-06-16T09:52:54.382327+00:00
ethereum,0xf10A134A987E22ffa9463570A6D1eb92a63Fc178,PT-csUSDL-31JUL2025,,,2026-06-16T09:52:54.382327+00:00
ethereum,0xf736acF34FF7Cd9B3565b73a1f15E652859bF322,PT-RUSD-31JUL2025,,,2026-06-16T09:52:54.382327+00:00
