chain,event,address,block_number,block_timestamp,block_hash,transaction_hash,transaction_index,log_index,transaction_log_index,on_behalf,caller,receiver,assets,shares,market_id
ethereum,Withdraw,0xBBBBBbbBBb9cC5e90e3b3Af64bdAF62C37EEFFCb,22800004,2025-06-28 02:39:35,90a5a6f42873dfdb8de7835d82fe767fc54e7d2bd1f85c31a67627572c5e943b,d5c964cb9bfe1b2affd051eb98be465d4fda9bef3a4b29fc5994e101ae809c9c,100,183,,0x68Aea7b82Df6CcdF76235D46445Ed83f85F845A3,0x68Aea7b82Df6CcdF76235D46445Ed83f85F845A3,0x68Aea7b82Df6CcdF76235D46445Ed83f85F845A3,13295181455,13295181455000000,0x54efdee08e272e929034a8f26f7ca34b1ebe364b275391169b28c6d7db24dbc8
ethereum,Withdraw,0xBBBBBbbBBb9cC5e90e3b3Af64bdAF62C37EEFFCb,22800015,2025-06-28 02:41:47,fc6d6d3ee91de56be8882fdc3a1c53466fb2b27b76bbb68301dfcd4f45b02806,f94a1f2da5223359d0617a892feccd276b1bddd8931d1766904354dcbdb94555,97,183,,0x000001ac4e512d670c34feDf6c71cE2F49fb160a,0x000001ac4e512d670c34feDf6c71cE2F49fb160a,0x000001ac4e512d670c34feDf6c71cE2F49fb160a,150025991239,148145052256198294,0x3bdb58058b41bb700458ba3df317e254244ddec7fc35fec93d2d53475cc6ebdc
ethereum,Withdraw,0xBBBBBbbBBb9cC5e90e3b3Af64bdAF62C37EEFFCb,22800041,2025-06-28 02:46:59,4219fddba910c2f4939c5d6c8f91cf0ea6a14250a11dcda32c20e4d21fa11b05,3703012711a48b33cc4f18e395c407927884c7a9854f4d54749d907eb41c9faa,61,241,,0xBEeFFF209270748ddd194831b3fa287a5386f5bC,0xBEeFFF209270748ddd194831b3fa287a5386f5bC,0xBEeFFF209270748ddd194831b3fa287a5386f5bC,102734,96265234178,0x718af3af39b183758849486340b69466e3e89b84b7884188323416621ee91cb7
ethereum,Withdraw,0xBBBBBbbBBb9cC5e90e3b3Af64bdAF62C37EEFFCb,22800041,2025-06-28 02:46:59,4219fddba910c2f4939c5d6c8f91cf0ea6a14250a11dcda32c20e4d21fa11b05,fb14d8ec91faf1599b8909a5e2f1bebdd55a774e8ec27b27e45193772238f9ca,134,389,,0x78Fc2c2eD1A4cDb5402365934aE5648aDAd094d0,0x78Fc2c2eD1A4cDb5402365934aE5648aDAd094d0,0x78Fc2c2eD1A4cDb5402365934aE5648aDAd094d0,100000000000000000000,97441200055985859499819937,0x5f8a138ba332398a9116910f4d5e5dcd9b207024c5290ce5bc87bc2dbd8e4a86
ethereum,Withdraw,0xBBBBBbbBBb9cC5e90e3b3Af64bdAF62C37EEFFCb,22800044,2025-06-28 02:47:35,784f1849232453f11f6264d4f0f9cb1655cad62cf36c80a92d02232a79ed64df,378b9b717b6dcf08df431d593ef46249df10c07102a33672800c9665f9047c6c,23,115,,0xBEeFFF209270748ddd194831b3fa287a5386f5bC,0xBEeFFF209270748ddd194831b3fa287a5386f5bC,0xBEeFFF209270748ddd194831b3fa287a5386f5bC,607415994832,600086924448346417,0xa3819a7d2aee958ca0e7404137d012b51ea47d051db69d94656956eff8c80c23
ethereum,Withdraw,0xBBBBBbbBBb9cC5e90e3b3Af64bdAF62C37EEFFCb,22800044,2025-06-28 02:47:35,784f1849232453f11f6264d4f0f9cb1655cad62cf36c80a92d02232a79ed64df,378b9b717b6dcf08df431d593ef46249df10c07102a33672800c9665f9047c6c,23,120,,0xBEeFFF209270748ddd194831b3fa287a5386f5bC,0xBEeFFF209270748ddd194831b3fa287a5386f5bC,0xBEeFFF209270748ddd194831b3fa287a5386f5bC,238713982043,230000906599389479,0x83b7ad16905809ea36482f4fbf6cfee9c9f316d128de9a5da1952607d5e4df5e
ethereum,Withdraw,0xBBBBBbbBBb9cC5e90e3b3Af64bdAF62C37EEFFCb,22800044,2025-06-28 02:47:35,784f1849232453f11f6264d4f0f9cb1655cad62cf36c80a92d02232a79ed64df,378b9b717b6dcf08df431d593ef46249df10c07102a33672800c9665f9047c6c,23,125,,0xBEeFFF209270748ddd194831b3fa287a5386f5bC,0xBEeFFF209270748ddd194831b3fa287a5386f5bC,0xBEeFFF209270748ddd194831b3fa287a5386f5bC,180007902611,178357606553128594,0x4005ba6eb7d2221fe58102bd320aa6d83c47b212771bc950ab71c5074d9ab0ec
ethereum,Withdraw,0xBBBBBbbBBb9cC5e90e3b3Af64bdAF62C37EEFFCb,22800044,2025-06-28 02:47:35,784f1849232453f11f6264d4f0f9cb1655cad62cf36c80a92d02232a79ed64df,378b9b717b6dcf08df431d593ef46249df10c07102a33672800c9665f9047c6c,23,130,,0xBEeFFF209270748ddd194831b3fa287a5386f5bC,0xBEeFFF209270748ddd194831b3fa287a5386f5bC,0xBEeFFF209270748ddd194831b3fa287a5386f5bC,7583246575,7482381904199098,0x10b401f4254a7039b7168c5a614c81ea8be698186cfb33aa56ac2adbcf0e88f9
ethereum,Withdraw,0xBBBBBbbBBb9cC5e90e3b3Af64bdAF62C37EEFFCb,22800044,2025-06-28 02:47:35,784f1849232453f11f6264d4f0f9cb1655cad62cf36c80a92d02232a79ed64df,378b9b717b6dcf08df431d593ef46249df10c07102a33672800c9665f9047c6c,23,135,,0xBEeFFF209270748ddd194831b3fa287a5386f5bC,0xBEeFFF209270748ddd194831b3fa287a5386f5bC,0xBEeFFF209270748ddd194831b3fa287a5386f5bC,4922583974,4875253872452658,0xe61a903174169e4897669e9bc4419eb7582b36d1a3d3df633dccab88da6e2ccd
ethereum,Withdraw,0xBBBBBbbBBb9cC5e90e3b3Af64bdAF62C37EEFFCb,22800044,2025-06-28 02:47:35,784f1849232453f11f6264d4f0f9cb1655cad62cf36c80a92d02232a79ed64df,378b9b717b6dcf08df431d593ef46249df10c07102a33672800c9665f9047c6c,23,140,,0xBEeFFF209270748ddd194831b3fa287a5386f5bC,0xBEeFFF209270748ddd194831b3fa287a5386f5bC,0xBEeFFF209270748ddd194831b3fa287a5386f5bC,1728779707,1726020956590396,0xef2c308b5abecf5c8750a1aa82b47c558005feb7a03f4f8e1ad682d71ac8d0ba
ethereum,Withdraw,0xBBBBBbbBBb9cC5e90e3b3Af64bdAF62C37EEFFCb,22800044,2025-06-28 02:47:35,784f1849232453f11f6264d4f0f9cb1655cad62cf36c80a92d02232a79ed64df,378b9b717b6dcf08df431d593ef46249df10c07102a33672800c9665f9047c6c,23,145,,0xBEeFFF209270748ddd194831b3fa287a5386f5bC,0xBEeFFF209270748ddd194831b3fa287a5386f5bC,0xBEeFFF209270748ddd194831b3fa287a5386f5bC,15092812,14267477794514,0x27852bb453d4fe6ec918dd27b7136bb233d210aab1758a59ed8daaeec24f7b3d
ethereum,Withdraw,0xBBBBBbbBBb9cC5e90e3b3Af64bdAF62C37EEFFCb,22800044,2025-06-28 02:47:35,784f1849232453f11f6264d4f0f9cb1655cad62cf36c80a92d02232a79ed64df,378b9b717b6dcf08df431d593ef46249df10c07102a33672800c9665f9047c6c,23,150,,0xBEeFFF209270748ddd194831b3fa287a5386f5bC,0xBEeFFF209270748ddd194831b3fa287a5386f5bC,0xBEeFFF209270748ddd194831b3fa287a5386f5bC,679342,655128490211,0x8e7cc042d739a365c43d0a52d5f24160fa7ae9b7e7c9a479bd02a56041d4cf77
ethereum,Withdraw,0xBBBBBbbBBb9cC5e90e3b3Af64bdAF62C37EEFFCb,22800045,2025-06-28 02:47:47,5adf53abc1f49a5f192f3dae6a406823d46993305f0ae5449ccafac0c6a63486,cf402ccc40d7d241b92f81f98b1cc12471b5452fcfb34d0af538f705d7605191,9,68,,0xbEEF36A5C1372F8D7d211527FCE9f83FE02d8A73,0xbEEF36A5C1372F8D7d211527FCE9f83FE02d8A73,0xbEEF36A5C1372F8D7d211527FCE9f83FE02d8A73,5013260217213644109,4937135198529932250817285,0xf0edbb36183591ff28c56fdb283fdd6896cf1298990e5913208902adb87d2b75
ethereum,Withdraw,0xBBBBBbbBBb9cC5e90e3b3Af64bdAF62C37EEFFCb,22800046,2025-06-28 02:47:59,bfc1d592f58960cc88b62c10288d28b7fc5eeade935dd523d1aa29b52dad311b,ca6203ff6e2a86aeba2a3e45b8d9f21fdd553f8fd8ecfc76fdb43641a932e960,0,6,,0x8eB67A509616cd6A7c1B3c8C21D48FF57df3d458,0x8eB67A509616cd6A7c1B3c8C21D48FF57df3d458,0x8eB67A509616cd6A7c1B3c8C21D48FF57df3d458,1000000000,988082077818824,0xfae6c3fca4d2fe61c62d29541e84a728b660a0dbc99217750c1080a8fc7d0e45
ethereum,Withdraw,0xBBBBBbbBBb9cC5e90e3b3Af64bdAF62C37EEFFCb,22800050,2025-06-28 02:48:47,739594f4b49fffe187680633582bf1798a4fae411e712f9c422c370942ce8d8c,3d12425b8503c45f49973fd8b4815983e77458ae13e32dd1e8f67e63a91623d6,153,415,,0x78Fc2c2eD1A4cDb5402365934aE5648aDAd094d0,0x78Fc2c2eD1A4cDb5402365934aE5648aDAd094d0,0x78Fc2c2eD1A4cDb5402365934aE5648aDAd094d0,29732832542346959916,28955542224664636450595296,0x2287407f0f42ad5ad224f70e4d9da37f02770f79959df703d6cfee8afc548e0d
ethereum,Withdraw,0xBBBBBbbBBb9cC5e90e3b3Af64bdAF62C37EEFFCb,22800090,2025-06-28 02:56:47,2423b347b894c418fc2b6b2be4641cb690367ffec5de768e06cc5aaa387a0307,69186f79a131d59d5fca013e24c36ce5dba123c7b971f23fea197268d61799ac,70,251,,0xBEeFFF209270748ddd194831b3fa287a5386f5bC,0xBEeFFF209270748ddd194831b3fa287a5386f5bC,0xBEeFFF209270748ddd194831b3fa287a5386f5bC,94711,88747360811,0x718af3af39b183758849486340b69466e3e89b84b7884188323416621ee91cb7
ethereum,Withdraw,0xBBBBBbbBBb9cC5e90e3b3Af64bdAF62C37EEFFCb,22800121,2025-06-28 03:02:59,11251ed32b9add1e0c6b9749feffdd541b7e1c614411e780954a3a3790cded53,7f143152ef0077d3130710d66171268563f4fc063df932867326991607789d41,134,503,,0xA8875aaeBc4f830524e35d57F9772FfAcbdD6C45,0xA8875aaeBc4f830524e35d57F9772FfAcbdD6C45,0xA8875aaeBc4f830524e35d57F9772FfAcbdD6C45,2821762,2821762000000,0x54efdee08e272e929034a8f26f7ca34b1ebe364b275391169b28c6d7db24dbc8
ethereum,Withdraw,0xBBBBBbbBBb9cC5e90e3b3Af64bdAF62C37EEFFCb,22800125,2025-06-28 03:03:47,784b6c29489777bea070fcb7f52ac5e23788510ba199945e2075b2189305af99,c1d8ecf6b5c39457b7e82f9f738083924bfb1bcf167f4d1a929045063115c260,104,452,,0xbEEF36A5C1372F8D7d211527FCE9f83FE02d8A73,0xbEEF36A5C1372F8D7d211527FCE9f83FE02d8A73,0xbEEF36A5C1372F8D7d211527FCE9f83FE02d8A73,14744320443510634574,14292929652130035045213606,0xa0534c78620867b7c8706e3b6df9e69a2bc67c783281b7a77e034ed75cee012e
ethereum,Withdraw,0xBBBBBbbBBb9cC5e90e3b3Af64bdAF62C37EEFFCb,22800129,2025-06-28 03:04:35,0f51b10ac2e1584e23664477d24abd93198674870e89986ed2a6692d03a3488a,38dd367e48236edb82ae84b83c3c7fcf9f3d31beacb556e95f42a477ccc7b6be,53,195,,0xA0804346780b4c2e3bE118ac957D1DB82F9d7484,0xA0804346780b4c2e3bE118ac957D1DB82F9d7484,0xA0804346780b4c2e3bE118ac957D1DB82F9d7484,101961788,100901252073889,0x83e10b446f0f2013bb5417fbab8de0371808da605d9d88bdd3ad9de4e7303048
ethereum,Withdraw,0xBBBBBbbBBb9cC5e90e3b3Af64bdAF62C37EEFFCb,22800159,2025-06-28 03:10:35,17c459be74f7d9baf74c482ea6e178aec5fb68e1973a340115f9fa53ed61b17b,c3b6c70e9c3361e9e6fa15c30f221bf368f1b23c9007a201b190f6068ffe3e70,55,94,,0x000001ac4e512d670c34feDf6c71cE2F49fb160a,0x000001ac4e512d670c34feDf6c71cE2F49fb160a,0x000001ac4e512d670c34feDf6c71cE2F49fb160a,50007622096714591497977,49649118228023100611174064242,0x972e8cd51940dd0311b7b6f5adeb86bc7563e3c7502c5d2c00b200195cb89f39
ethereum,Withdraw,0xBBBBBbbBBb9cC5e90e3b3Af64bdAF62C37EEFFCb,22800184,2025-06-28 03:15:47,f34165fc4d05273efe10a345a291942e1d9c7d6ae4106f9a62666e82bc552d0e,36e296612a4b0264c9522f99a817eee3d0c468709326c583aa07f45fddefc6e4,95,191,,0xbEef047a543E45807105E51A8BBEFCc5950fcfBa,0xbEef047a543E45807105E51A8BBEFCc5950fcfBa,0xbEef047a543E45807105E51A8BBEFCc5950fcfBa,2000000000,1983065476285984,0xf9e56386e74f06af6099340525788eec624fd9c0fc0ad9a647702d3f75e3b6a9
ethereum,Withdraw,0xBBBBBbbBBb9cC5e90e3b3Af64bdAF62C37EEFFCb,22800188,2025-06-28 03:16:35,6f104c82ad2c3ec2f27fdec2ae0252ed083a20afed2db7dda21169d6d1efae0c,25635888be1f7e4e814a097bc7594e9f9c49cdbd37eae3e562a19de465a12ce6,108,212,,0xc582F04d8a82795aa2Ff9c8bb4c1c889fe7b754e,0xc582F04d8a82795aa2Ff9c8bb4c1c889fe7b754e,0xc582F04d8a82795aa2Ff9c8bb4c1c889fe7b754e,8816973,8437018017204,0xe1b65304edd8ceaea9b629df4c3c926a37d1216e27900505c04f14b2ed279f33
ethereum,Withdraw,0xBBBBBbbBBb9cC5e90e3b3Af64bdAF62C37EEFFCb,22800188,2025-06-28 03:16:35,6f104c82ad2c3ec2f27fdec2ae0252ed083a20afed2db7dda21169d6d1efae0c,25635888be1f7e4e814a097bc7594e9f9c49cdbd37eae3e562a19de465a12ce6,108,222,,0x777791C4d6DC2CE140D00D2828a7C93503c67777,0x777791C4d6DC2CE140D00D2828a7C93503c67777,0x777791C4d6DC2CE140D00D2828a7C93503c67777,5290183,5290183000000,0x54efdee08e272e929034a8f26f7ca34b1ebe364b275391169b28c6d7db24dbc8
ethereum,Withdraw,0xBBBBBbbBBb9cC5e90e3b3Af64bdAF62C37EEFFCb,22800197,2025-06-28 03:18:23,04f300bcd5fd5af4c0add22484a4e6b69c52ecd17122f46f01e8d3f6b37914b2,4580b4bf6d316fbc0c0c3ff5557b9d3cf964f96e1b4b4d7be125ca35e44ae939,17,120,,0x95EeF579155cd2C5510F312c8fA39208c3Be01a8,0x95EeF579155cd2C5510F312c8fA39208c3Be01a8,0x95EeF579155cd2C5510F312c8fA39208c3Be01a8,4167824274,3677395294289184,0xdc5333039bcf15f1237133f74d5806675d83d9cf19cfd4cfdd9be674842651bf
ethereum,Withdraw,0xBBBBBbbBBb9cC5e90e3b3Af64bdAF62C37EEFFCb,22800206,2025-06-28 03:20:11,67af0389269333cb2971b9bc4f82bc9bb9da51b45298fe2eef98ee0a12485e18,677b501b5cc7aeae7879d0cd28be09dc2acd40f93a1b157e802a455f9b5bc0d1,21,146,,0xd63070114470f685b75B74D60EEc7c1113d33a3D,0xd63070114470f685b75B74D60EEc7c1113d33a3D,0xd63070114470f685b75B74D60EEc7c1113d33a3D,126838422817,121234479011025634,0xa59b6c3c6d1df322195bfb48ddcdcca1a4c0890540e8ee75815765096c1e8971
ethereum,Withdraw,0xBBBBBbbBBb9cC5e90e3b3Af64bdAF62C37EEFFCb,22800234,2025-06-28 03:25:47,7d4e981e4ce06d5297da9e7d482f378c9875f2569903deb5d0b614cd9c86abea,98c4621557371e3aa5a447c6bdb8cb01b57aef60212fc2cf893887813c5c97db,109,382,,0xd63070114470f685b75B74D60EEc7c1113d33a3D,0xd63070114470f685b75B74D60EEc7c1113d33a3D,0xd63070114470f685b75B74D60EEc7c1113d33a3D,186313318207,180927584715146520,0xbfed072faee09b963949defcdb91094465c34c6c62d798b906274ef3563c9cac
ethereum,Withdraw,0xBBBBBbbBBb9cC5e90e3b3Af64bdAF62C37EEFFCb,22800234,2025-06-28 03:25:47,7d4e981e4ce06d5297da9e7d482f378c9875f2569903deb5d0b614cd9c86abea,98c4621557371e3aa5a447c6bdb8cb01b57aef60212fc2cf893887813c5c97db,109,387,,0xd63070114470f685b75B74D60EEc7c1113d33a3D,0xd63070114470f685b75B74D60EEc7c1113d33a3D,0xd63070114470f685b75B74D60EEc7c1113d33a3D,141383883771,139389378128779111,0x8b1bc4d682b04a16309a8adf77b35de0c42063a7944016cfc37a79ccac0007b6
ethereum,Withdraw,0xBBBBBbbBBb9cC5e90e3b3Af64bdAF62C37EEFFCb,22800234,2025-06-28 03:25:47,7d4e981e4ce06d5297da9e7d482f378c9875f2569903deb5d0b614cd9c86abea,98c4621557371e3aa5a447c6bdb8cb01b57aef60212fc2cf893887813c5c97db,109,392,,0xd63070114470f685b75B74D60EEc7c1113d33a3D,0xd63070114470f685b75B74D60EEc7c1113d33a3D,0xd63070114470f685b75B74D60EEc7c1113d33a3D,134258369762,131182973245642894,0x0f9563442d64ab3bd3bcb27058db0b0d4046a4c46f0acd811dacae9551d2b129
ethereum,Withdraw,0xBBBBBbbBBb9cC5e90e3b3Af64bdAF62C37EEFFCb,22800234,2025-06-28 03:25:47,7d4e981e4ce06d5297da9e7d482f378c9875f2569903deb5d0b614cd9c86abea,98c4621557371e3aa5a447c6bdb8cb01b57aef60212fc2cf893887813c5c97db,109,397,,0xd63070114470f685b75B74D60EEc7c1113d33a3D,0xd63070114470f685b75B74D60EEc7c1113d33a3D,0xd63070114470f685b75B74D60EEc7c1113d33a3D,116969730789,115677411050176851,0x544b0a093b130a3fb01b72a1279ab848575f049c73da3b5c9c718f9350a1519c
ethereum,Withdraw,0xBBBBBbbBBb9cC5e90e3b3Af64bdAF62C37EEFFCb,22800234,2025-06-28 03:25:47,7d4e981e4ce06d5297da9e7d482f378c9875f2569903deb5d0b614cd9c86abea,98c4621557371e3aa5a447c6bdb8cb01b57aef60212fc2cf893887813c5c97db,109,402,,0xd63070114470f685b75B74D60EEc7c1113d33a3D,0xd63070114470f685b75B74D60EEc7c1113d33a3D,0xd63070114470f685b75B74D60EEc7c1113d33a3D,106318764263,104106515272456776,0x729badf297ee9f2f6b3f717b96fd355fc6ec00422284ce1968e76647b258cf44
ethereum,Withdraw,0xBBBBBbbBBb9cC5e90e3b3Af64bdAF62C37EEFFCb,22800234,2025-06-28 03:25:47,7d4e981e4ce06d5297da9e7d482f378c9875f2569903deb5d0b614cd9c86abea,98c4621557371e3aa5a447c6bdb8cb01b57aef60212fc2cf893887813c5c97db,109,407,,0xd63070114470f685b75B74D60EEc7c1113d33a3D,0xd63070114470f685b75B74D60EEc7c1113d33a3D,0xd63070114470f685b75B74D60EEc7c1113d33a3D,83605982567,80003018744965193,0xe1b65304edd8ceaea9b629df4c3c926a37d1216e27900505c04f14b2ed279f33
ethereum,Withdraw,0xBBBBBbbBBb9cC5e90e3b3Af64bdAF62C37EEFFCb,22800234,2025-06-28 03:25:47,7d4e981e4ce06d5297da9e7d482f378c9875f2569903deb5d0b614cd9c86abea,98c4621557371e3aa5a447c6bdb8cb01b57aef60212fc2cf893887813c5c97db,109,412,,0xd63070114470f685b75B74D60EEc7c1113d33a3D,0xd63070114470f685b75B74D60EEc7c1113d33a3D,0xd63070114470f685b75B74D60EEc7c1113d33a3D,72583531635,72354040419110992,0x8a71a66ac828c2b6d4f8accce5859aba0822b502f3833bec4aff09479affffdb
ethereum,Withdraw,0xBBBBBbbBBb9cC5e90e3b3Af64bdAF62C37EEFFCb,22800234,2025-06-28 03:25:47,7d4e981e4ce06d5297da9e7d482f378c9875f2569903deb5d0b614cd9c86abea,98c4621557371e3aa5a447c6bdb8cb01b57aef60212fc2cf893887813c5c97db,109,417,,0xd63070114470f685b75B74D60EEc7c1113d33a3D,0xd63070114470f685b75B74D60EEc7c1113d33a3D,0xd63070114470f685b75B74D60EEc7c1113d33a3D,40204342317,39693615771719845,0xbc552f0b14dd6f8e60b760a534ac1d8613d3539153b4d9675d697e048f2edc7e
ethereum,Withdraw,0xBBBBBbbBBb9cC5e90e3b3Af64bdAF62C37EEFFCb,22800234,2025-06-28 03:25:47,7d4e981e4ce06d5297da9e7d482f378c9875f2569903deb5d0b614cd9c86abea,98c4621557371e3aa5a447c6bdb8cb01b57aef60212fc2cf893887813c5c97db,109,422,,0xd63070114470f685b75B74D60EEc7c1113d33a3D,0xd63070114470f685b75B74D60EEc7c1113d33a3D,0xd63070114470f685b75B74D60EEc7c1113d33a3D,38890217105,37281185111091049,0x5f5bfaa51137098abc90b249c93b6051987877ada76135bb3dd7502b10d184a3
ethereum,Withdraw,0xBBBBBbbBBb9cC5e90e3b3Af64bdAF62C37EEFFCb,22800234,2025-06-28 03:25:47,7d4e981e4ce06d5297da9e7d482f378c9875f2569903deb5d0b614cd9c86abea,98c4621557371e3aa5a447c6bdb8cb01b57aef60212fc2cf893887813c5c97db,109,427,,0xd63070114470f685b75B74D60EEc7c1113d33a3D,0xd63070114470f685b75B74D60EEc7c1113d33a3D,0xd63070114470f685b75B74D60EEc7c1113d33a3D,94622561,93480462800012,0xa3819a7d2aee958ca0e7404137d012b51ea47d051db69d94656956eff8c80c23
ethereum,Withdraw,0xBBBBBbbBBb9cC5e90e3b3Af64bdAF62C37EEFFCb,22800257,2025-06-28 03:30:23,bdd1b34f65f0b53c791bbd46c1ef17c6e6959f33bbbbe7cdc15b395735bc113c,d635d8859e271cd64d8a99f44abe55fc9a329f86bfd504eebb8960167961f9cb,105,216,,0x9a8bC3B04b7f3D87cfC09ba407dCED575f2d61D8,0x9a8bC3B04b7f3D87cfC09ba407dCED575f2d61D8,0x9a8bC3B04b7f3D87cfC09ba407dCED575f2d61D8,21833039447150350897,21164585045765233835012238,0xa0534c78620867b7c8706e3b6df9e69a2bc67c783281b7a77e034ed75cee012e
ethereum,Withdraw,0xBBBBBbbBBb9cC5e90e3b3Af64bdAF62C37EEFFCb,22800257,2025-06-28 03:30:23,bdd1b34f65f0b53c791bbd46c1ef17c6e6959f33bbbbe7cdc15b395735bc113c,d635d8859e271cd64d8a99f44abe55fc9a329f86bfd504eebb8960167961f9cb,105,221,,0x9a8bC3B04b7f3D87cfC09ba407dCED575f2d61D8,0x9a8bC3B04b7f3D87cfC09ba407dCED575f2d61D8,0x9a8bC3B04b7f3D87cfC09ba407dCED575f2d61D8,21575618517401242562,21011544562846195595701320,0x2287407f0f42ad5ad224f70e4d9da37f02770f79959df703d6cfee8afc548e0d
ethereum,Withdraw,0xBBBBBbbBBb9cC5e90e3b3Af64bdAF62C37EEFFCb,22800257,2025-06-28 03:30:23,bdd1b34f65f0b53c791bbd46c1ef17c6e6959f33bbbbe7cdc15b395735bc113c,d635d8859e271cd64d8a99f44abe55fc9a329f86bfd504eebb8960167961f9cb,105,226,,0x9a8bC3B04b7f3D87cfC09ba407dCED575f2d61D8,0x9a8bC3B04b7f3D87cfC09ba407dCED575f2d61D8,0x9a8bC3B04b7f3D87cfC09ba407dCED575f2d61D8,18949575164733163254,18482248457007317792176724,0xb8fc70e82bc5bb53e773626fcc6a23f7eefa036918d7ef216ecfb1950a94a85e
ethereum,Withdraw,0xBBBBBbbBBb9cC5e90e3b3Af64bdAF62C37EEFFCb,22800257,2025-06-28 03:30:23,bdd1b34f65f0b53c791bbd46c1ef17c6e6959f33bbbbe7cdc15b395735bc113c,d635d8859e271cd64d8a99f44abe55fc9a329f86bfd504eebb8960167961f9cb,105,231,,0x9a8bC3B04b7f3D87cfC09ba407dCED575f2d61D8,0x9a8bC3B04b7f3D87cfC09ba407dCED575f2d61D8,0x9a8bC3B04b7f3D87cfC09ba407dCED575f2d61D8,18754957451849285091,18339722826799929336416559,0xd0e50cdac92fe2172043f5e0c36532c6369d24947e40968f34a5e8819ca9ec5d
ethereum,Withdraw,0xBBBBBbbBBb9cC5e90e3b3Af64bdAF62C37EEFFCb,22800257,2025-06-28 03:30:23,bdd1b34f65f0b53c791bbd46c1ef17c6e6959f33bbbbe7cdc15b395735bc113c,d635d8859e271cd64d8a99f44abe55fc9a329f86bfd504eebb8960167961f9cb,105,236,,0x9a8bC3B04b7f3D87cfC09ba407dCED575f2d61D8,0x9a8bC3B04b7f3D87cfC09ba407dCED575f2d61D8,0x9a8bC3B04b7f3D87cfC09ba407dCED575f2d61D8,12958915948111114712,12697705576054444073484916,0xba761af4134efb0855adfba638945f454f0a704af11fc93439e20c7c5ebab942
ethereum,Withdraw,0xBBBBBbbBBb9cC5e90e3b3Af64bdAF62C37EEFFCb,22800257,2025-06-28 03:30:23,bdd1b34f65f0b53c791bbd46c1ef17c6e6959f33bbbbe7cdc15b395735bc113c,d635d8859e271cd64d8a99f44abe55fc9a329f86bfd504eebb8960167961f9cb,105,241,,0x9a8bC3B04b7f3D87cfC09ba407dCED575f2d61D8,0x9a8bC3B04b7f3D87cfC09ba407dCED575f2d61D8,0x9a8bC3B04b7f3D87cfC09ba407dCED575f2d61D8,11153641044079391939,10768188471858418586545600,0x138eec0e4a1937eb92ebc70043ed539661dd7ed5a89fb92a720b341650288a40
ethereum,Withdraw,0xBBBBBbbBBb9cC5e90e3b3Af64bdAF62C37EEFFCb,22800257,2025-06-28 03:30:23,bdd1b34f65f0b53c791bbd46c1ef17c6e6959f33bbbbe7cdc15b395735bc113c,d635d8859e271cd64d8a99f44abe55fc9a329f86bfd504eebb8960167961f9cb,105,246,,0x9a8bC3B04b7f3D87cfC09ba407dCED575f2d61D8,0x9a8bC3B04b7f3D87cfC09ba407dCED575f2d61D8,0x9a8bC3B04b7f3D87cfC09ba407dCED575f2d61D8,3077971460771216544,2994940217020770961903042,0xf78b7d3a62437f78097745a5e3117a50c56a02ec5f072cba8d988a129c6d4fb6
ethereum,Withdraw,0xBBBBBbbBBb9cC5e90e3b3Af64bdAF62C37EEFFCb,22800273,2025-06-28 03:33:35,1f9f70fce0f1455f49e58e631793b9ca6dcddea371397d2e6e36eaaf7f9fb50a,72449d126e72b5e172e933ecd5339afe7888c84c8187ad5ee7296ae550a42653,57,699,,0xbEEF36A5C1372F8D7d211527FCE9f83FE02d8A73,0xbEEF36A5C1372F8D7d211527FCE9f83FE02d8A73,0xbEEF36A5C1372F8D7d211527FCE9f83FE02d8A73,7047016566787507582,6939980409291511446724048,0xf0edbb36183591ff28c56fdb283fdd6896cf1298990e5913208902adb87d2b75
ethereum,Withdraw,0xBBBBBbbBBb9cC5e90e3b3Af64bdAF62C37EEFFCb,22800273,2025-06-28 03:33:35,1f9f70fce0f1455f49e58e631793b9ca6dcddea371397d2e6e36eaaf7f9fb50a,72449d126e72b5e172e933ecd5339afe7888c84c8187ad5ee7296ae550a42653,57,704,,0xbEEF36A5C1372F8D7d211527FCE9f83FE02d8A73,0xbEEF36A5C1372F8D7d211527FCE9f83FE02d8A73,0xbEEF36A5C1372F8D7d211527FCE9f83FE02d8A73,4207450153481,4150009443367531908,0x0cf0597c314f60b9e42d4666073014cf4f7cdf72dea45626aa1caad695c74f2a
ethereum,Withdraw,0xBBBBBbbBBb9cC5e90e3b3Af64bdAF62C37EEFFCb,22800286,2025-06-28 03:36:11,41592bc55af01d51300c6a0e07be30c759bc02d7fcedd10e8447dd14b089c495,2aaebbafb6056a9be300f93ba4ee6dd604a4ae04fb983c79d96308c6d1635e55,0,19,,0xc582F04d8a82795aa2Ff9c8bb4c1c889fe7b754e,0xc582F04d8a82795aa2Ff9c8bb4c1c889fe7b754e,0xc582F04d8a82795aa2Ff9c8bb4c1c889fe7b754e,2482137,2375167607902,0xe1b65304edd8ceaea9b629df4c3c926a37d1216e27900505c04f14b2ed279f33
ethereum,Withdraw,0xBBBBBbbBBb9cC5e90e3b3Af64bdAF62C37EEFFCb,22800286,2025-06-28 03:36:11,41592bc55af01d51300c6a0e07be30c759bc02d7fcedd10e8447dd14b089c495,2aaebbafb6056a9be300f93ba4ee6dd604a4ae04fb983c79d96308c6d1635e55,0,29,,0x777791C4d6DC2CE140D00D2828a7C93503c67777,0x777791C4d6DC2CE140D00D2828a7C93503c67777,0x777791C4d6DC2CE140D00D2828a7C93503c67777,1489282,1489282000000,0x54efdee08e272e929034a8f26f7ca34b1ebe364b275391169b28c6d7db24dbc8
ethereum,Withdraw,0xBBBBBbbBBb9cC5e90e3b3Af64bdAF62C37EEFFCb,22800289,2025-06-28 03:36:47,ecfaf728a7eea459509215bdd30cfe022532b950f7485d58b5a6d3aa24454f7e,d729e3c0e3d93bc796ce75a90cc622d367c15bb214a5448a9bbec110c26cfc9a,62,714,,0xbEeFc011e94f43b8B7b455eBaB290C7Ab4E216f1,0xbEeFc011e94f43b8B7b455eBaB290C7Ab4E216f1,0xbEeFc011e94f43b8B7b455eBaB290C7Ab4E216f1,15551996737333527592,15551996737333527592000000,0x2f9af50d3349c6d4dc33281ce16f97ec8a9b89baa21ffd88b3fbb9a34a90b036
ethereum,Withdraw,0xBBBBBbbBBb9cC5e90e3b3Af64bdAF62C37EEFFCb,22800338,2025-06-28 03:46:35,f9186e7838d76e6367ea15a97c59c927084ea3ad94328d9979dcab36ed08dfd5,7758cf59fd34e4fa6d9d5f3d70e306502a8831c95a96062bbb0314b60f9e0125,97,193,,0x9a8bC3B04b7f3D87cfC09ba407dCED575f2d61D8,0x9a8bC3B04b7f3D87cfC09ba407dCED575f2d61D8,0x9a8bC3B04b7f3D87cfC09ba407dCED575f2d61D8,370000000000000000,361808077353929577523771,0xd0e50cdac92fe2172043f5e0c36532c6369d24947e40968f34a5e8819ca9ec5d
ethereum,Withdraw,0xBBBBBbbBBb9cC5e90e3b3Af64bdAF62C37EEFFCb,22800338,2025-06-28 03:46:35,f9186e7838d76e6367ea15a97c59c927084ea3ad94328d9979dcab36ed08dfd5,7758cf59fd34e4fa6d9d5f3d70e306502a8831c95a96062bbb0314b60f9e0125,97,204,,0x9a8bC3B04b7f3D87cfC09ba407dCED575f2d61D8,0x9a8bC3B04b7f3D87cfC09ba407dCED575f2d61D8,0x9a8bC3B04b7f3D87cfC09ba407dCED575f2d61D8,100000000000000000000,97785966852413399330748697,0xd0e50cdac92fe2172043f5e0c36532c6369d24947e40968f34a5e8819ca9ec5d
ethereum,Withdraw,0xBBBBBbbBBb9cC5e90e3b3Af64bdAF62C37EEFFCb,22800338,2025-06-28 03:46:35,f9186e7838d76e6367ea15a97c59c927084ea3ad94328d9979dcab36ed08dfd5,7758cf59fd34e4fa6d9d5f3d70e306502a8831c95a96062bbb0314b60f9e0125,97,226,,0x9a8bC3B04b7f3D87cfC09ba407dCED575f2d61D8,0x9a8bC3B04b7f3D87cfC09ba407dCED575f2d61D8,0x9a8bC3B04b7f3D87cfC09ba407dCED575f2d61D8,49630000000000000000,48531175348852770087850579,0xd0e50cdac92fe2172043f5e0c36532c6369d24947e40968f34a5e8819ca9ec5d
ethereum,Withdraw,0xBBBBBbbBBb9cC5e90e3b3Af64bdAF62C37EEFFCb,22800407,2025-06-28 04:00:23,f8f7112ae60e942b6418b70fad5219ef93305ac6a8f119beac63712be822189e,8dfc2dbed7d9360e5d87a0e4c3ce2909574300f9d6b6f46267f6fe176163051b,166,317,,0xd41830d88dfD08678b0B886E0122193d54b02Acc,0xd41830d88dfD08678b0B886E0122193d54b02Acc,0xd41830d88dfD08678b0B886E0122193d54b02Acc,1470555668526,1470555668526000000,0x54efdee08e272e929034a8f26f7ca34b1ebe364b275391169b28c6d7db24dbc8
ethereum,Withdraw,0xBBBBBbbBBb9cC5e90e3b3Af64bdAF62C37EEFFCb,22800407,2025-06-28 04:00:23,f8f7112ae60e942b6418b70fad5219ef93305ac6a8f119beac63712be822189e,8dfc2dbed7d9360e5d87a0e4c3ce2909574300f9d6b6f46267f6fe176163051b,166,322,,0xd41830d88dfD08678b0B886E0122193d54b02Acc,0xd41830d88dfD08678b0B886E0122193d54b02Acc,0xd41830d88dfD08678b0B886E0122193d54b02Acc,190852962,190278331391048,0xd647ec76fd3d2e6fb2133fd496a150f91d86956ad02b0b654435501527d3da0c
ethereum,Withdraw,0xBBBBBbbBBb9cC5e90e3b3Af64bdAF62C37EEFFCb,22800446,2025-06-28 04:08:23,b27647e2cc76b39e44dbace6f6f6e3fe68a8b0636e01271fa40567fac1fd46f1,2aef5ce283651be3443a5ac461d2894978357facb3d92f9166d959c93f22e845,49,237,,0xc582F04d8a82795aa2Ff9c8bb4c1c889fe7b754e,0xc582F04d8a82795aa2Ff9c8bb4c1c889fe7b754e,0xc582F04d8a82795aa2Ff9c8bb4c1c889fe7b754e,32773772026,31361250798583735,0xe1b65304edd8ceaea9b629df4c3c926a37d1216e27900505c04f14b2ed279f33
ethereum,Withdraw,0xBBBBBbbBBb9cC5e90e3b3Af64bdAF62C37EEFFCb,22800446,2025-06-28 04:08:23,b27647e2cc76b39e44dbace6f6f6e3fe68a8b0636e01271fa40567fac1fd46f1,bc49c86fdf39550a344c942cd90576949d800b99b192fa954f2be8894c07e19a,67,336,,0xA8875aaeBc4f830524e35d57F9772FfAcbdD6C45,0xA8875aaeBc4f830524e35d57F9772FfAcbdD6C45,0xA8875aaeBc4f830524e35d57F9772FfAcbdD6C45,2771368,2771368000000,0x54efdee08e272e929034a8f26f7ca34b1ebe364b275391169b28c6d7db24dbc8
ethereum,Withdraw,0xBBBBBbbBBb9cC5e90e3b3Af64bdAF62C37EEFFCb,22800460,2025-06-28 04:11:11,f21a9c71edb6c8267e9dc410b4d9f0cc6f64dac66d13450635865e4daed74fef,011ed720150b30ab371b9dc8a12d8bb8eec5e3d02c04162c65a40eb0d164f9f1,93,179,,0xc582F04d8a82795aa2Ff9c8bb4c1c889fe7b754e,0xc582F04d8a82795aa2Ff9c8bb4c1c889fe7b754e,0xc582F04d8a82795aa2Ff9c8bb4c1c889fe7b754e,1269424,1214712542273,0xe1b65304edd8ceaea9b629df4c3c926a37d1216e27900505c04f14b2ed279f33
ethereum,Withdraw,0xBBBBBbbBBb9cC5e90e3b3Af64bdAF62C37EEFFCb,22800460,2025-06-28 04:11:11,f21a9c71edb6c8267e9dc410b4d9f0cc6f64dac66d13450635865e4daed74fef,011ed720150b30ab371b9dc8a12d8bb8eec5e3d02c04162c65a40eb0d164f9f1,93,189,,0x777791C4d6DC2CE140D00D2828a7C93503c67777,0x777791C4d6DC2CE140D00D2828a7C93503c67777,0x777791C4d6DC2CE140D00D2828a7C93503c67777,761654,761654000000,0x54efdee08e272e929034a8f26f7ca34b1ebe364b275391169b28c6d7db24dbc8
ethereum,Withdraw,0xBBBBBbbBBb9cC5e90e3b3Af64bdAF62C37EEFFCb,22800468,2025-06-28 04:12:47,f109195e22721e34a2119b2d6f2d76f42786045403eb86ca848dca97dff0f769,ac447cbc8671582d235801ddb4fd718dce152a80d1e2346e1b3f9d37fd3f4aff,19,30,,0x8eB67A509616cd6A7c1B3c8C21D48FF57df3d458,0x8eB67A509616cd6A7c1B3c8C21D48FF57df3d458,0x8eB67A509616cd6A7c1B3c8C21D48FF57df3d458,9091354872,8982923668656789,0xfae6c3fca4d2fe61c62d29541e84a728b660a0dbc99217750c1080a8fc7d0e45
