chain,event,address,block_number,block_timestamp,block_hash,transaction_hash,transaction_index,log_index,transaction_log_index,on_behalf,caller,receiver,assets,shares,market_id,loan_token,collateral_token,loan_symbol,collateral_symbol,loan_decimals,normalized_assets
base,Withdraw,0xBBBBBbbBBb9cC5e90e3b3Af64bdAF62C37EEFFCb,25000015,2025-01-13 17:29:37,31722376983be2d11ec2af0bfda178cf268f9d27463e8cb8ac0ef21b51126f7b,06600543325dcfd6c4e9f45285aaa1a0f46ed66fffd78b42a54731a882016e79,128,314,,0xf24608E0CCb972b0b0f4A6446a0BBf58c701a026,0xf24608E0CCb972b0b0f4A6446a0BBf58c701a026,0xf24608E0CCb972b0b0f4A6446a0BBf58c701a026,490460511997,490460511997000000,0x5a99a8103b9d467c1b8e829e5bb3e41bca6eca4c443abc09911a19b71c598a13,0x60a3E35Cc302bFA44Cb288Bc5a4F316Fdb1adb42,0x0000000000000000000000000000000000000000,EURC,,6,490460.511997
base,Withdraw,0xBBBBBbbBBb9cC5e90e3b3Af64bdAF62C37EEFFCb,25000015,2025-01-13 17:29:37,31722376983be2d11ec2af0bfda178cf268f9d27463e8cb8ac0ef21b51126f7b,06600543325dcfd6c4e9f45285aaa1a0f46ed66fffd78b42a54731a882016e79,128,326,,0x23479229e52Ab6aaD312D0B03DF9F33B46753B5e,0x23479229e52Ab6aaD312D0B03DF9F33B46753B5e,0x23479229e52Ab6aaD312D0B03DF9F33B46753B5e,520631725590,512836459958710291,0x1c21c59df9db44bf6f645d854ee710a8ca17b479451447e9f56758aee10a2fad,0x833589fCD6eDb6E08f4c7C32D4f71b54bdA02913,0x2Ae3F1Ec7F1F5012CFEab0185bfc7aa3cf0DEc22,USDC,cbETH,6,520631.72559
base,Withdraw,0xBBBBBbbBBb9cC5e90e3b3Af64bdAF62C37EEFFCb,25000020,2025-01-13 17:29:47,e61aa2ccb71eb64bff8d7728bde3aa94b57a15586e7a7efd121449a15db08699,0be8a56cd39519dff6e4ff91330042926c2359de6bfe68bb04739f4f452c5f1b,179,650,,0xf24608E0CCb972b0b0f4A6446a0BBf58c701a026,0xf24608E0CCb972b0b0f4A6446a0BBf58c701a026,0xf24608E0CCb972b0b0f4A6446a0BBf58c701a026,490127775207,490127775207000000,0x5a99a8103b9d467c1b8e829e5bb3e41bca6eca4c443abc09911a19b71c598a13,0x60a3E35Cc302bFA44Cb288Bc5a4F316Fdb1adb42,0x0000000000000000000000000000000000000000,EURC,,6,490127.775207
base,Withdraw,0xBBBBBbbBBb9cC5e90e3b3Af64bdAF62C37EEFFCb,25000020,2025-01-13 17:29:47,e61aa2ccb71eb64bff8d7728bde3aa94b57a15586e7a7efd121449a15db08699,0be8a56cd39519dff6e4ff91330042926c2359de6bfe68bb04739f4f452c5f1b,179,662,,0x23479229e52Ab6aaD312D0B03DF9F33B46753B5e,0x23479229e52Ab6aaD312D0B03DF9F33B46753B5e,0x23479229e52Ab6aaD312D0B03DF9F33B46753B5e,519806041413,512023129918288205,0x1c21c59df9db44bf6f645d854ee710a8ca17b479451447e9f56758aee10a2fad,0x833589fCD6eDb6E08f4c7C32D4f71b54bdA02913,0x2Ae3F1Ec7F1F5012CFEab0185bfc7aa3cf0DEc22,USDC,cbETH,6,519806.041413
base,Withdraw,0xBBBBBbbBBb9cC5e90e3b3Af64bdAF62C37EEFFCb,25000048,2025-01-13 17:30:43,491f6b97f1afcf600511258f66cc1684bd89ba164f44b2fe06e8a4292291618c,eed8d2e64cb8d70a8a8b5f38c5912fef4921b65d873f15c8daba98c181323347,38,50,,0x23479229e52Ab6aaD312D0B03DF9F33B46753B5e,0x23479229e52Ab6aaD312D0B03DF9F33B46753B5e,0x23479229e52Ab6aaD312D0B03DF9F33B46753B5e,16394668660,16149194310087009,0x1c21c59df9db44bf6f645d854ee710a8ca17b479451447e9f56758aee10a2fad,0x833589fCD6eDb6E08f4c7C32D4f71b54bdA02913,0x2Ae3F1Ec7F1F5012CFEab0185bfc7aa3cf0DEc22,USDC,cbETH,6,16394.66866
base,Withdraw,0xBBBBBbbBBb9cC5e90e3b3Af64bdAF62C37EEFFCb,25000088,2025-01-13 17:32:03,a80bb29568bab47add77c02eeccefb1407b67818ea2c6f7c62e813dfcddd027f,cc96bed9890ad8ee946f3aa42efb4b27f7558094be0c23e9ecb1ae44ab8534b1,116,508,,0xbeeF010f9cb27031ad51e3333f9aF9C6B1228183,0xbeeF010f9cb27031ad51e3333f9aF9C6B1228183,0xbeeF010f9cb27031ad51e3333f9aF9C6B1228183,11000000,11000000000000,0x38c846197ac32a752a60c25d4536ebb0c3920c532e9a859c38c91efb7b8c2abb,0x833589fCD6eDb6E08f4c7C32D4f71b54bdA02913,0x0000000000000000000000000000000000000000,USDC,,6,11.0
base,Withdraw,0xBBBBBbbBBb9cC5e90e3b3Af64bdAF62C37EEFFCb,25000088,2025-01-13 17:32:03,a80bb29568bab47add77c02eeccefb1407b67818ea2c6f7c62e813dfcddd027f,cc96bed9890ad8ee946f3aa42efb4b27f7558094be0c23e9ecb1ae44ab8534b1,116,516,,0xbeeF010f9cb27031ad51e3333f9aF9C6B1228183,0xbeeF010f9cb27031ad51e3333f9aF9C6B1228183,0xbeeF010f9cb27031ad51e3333f9aF9C6B1228183,398342069,392377713476791,0x1c21c59df9db44bf6f645d854ee710a8ca17b479451447e9f56758aee10a2fad,0x833589fCD6eDb6E08f4c7C32D4f71b54bdA02913,0x2Ae3F1Ec7F1F5012CFEab0185bfc7aa3cf0DEc22,USDC,cbETH,6,398.342069
base,Withdraw,0xBBBBBbbBBb9cC5e90e3b3Af64bdAF62C37EEFFCb,25000112,2025-01-13 17:32:51,e92231b0ea745c50e321a531964e8a598dd23a7376a8d9c8fb86f893216487ad,c8fae7b1278e0e1cc8d7d10d27b92cde2b834b0ca36220030bdb6f5334351c1f,97,191,,0xc1256Ae5FF1cf2719D4937adb3bbCCab2E00A2Ca,0xc1256Ae5FF1cf2719D4937adb3bbCCab2E00A2Ca,0xc1256Ae5FF1cf2719D4937adb3bbCCab2E00A2Ca,544460511,544460511000000,0x38c846197ac32a752a60c25d4536ebb0c3920c532e9a859c38c91efb7b8c2abb,0x833589fCD6eDb6E08f4c7C32D4f71b54bdA02913,0x0000000000000000000000000000000000000000,USDC,,6,544.460511
base,Withdraw,0xBBBBBbbBBb9cC5e90e3b3Af64bdAF62C37EEFFCb,25000137,2025-01-13 17:33:41,2750e1bbf55ed36fb232fed072834370aec1f1d905780845c23056144e207545,0eca88acc889c7fb0451aa93002ae0e635cd69adb5b936bacf2e359595b05fba,103,241,,0xf24608E0CCb972b0b0f4A6446a0BBf58c701a026,0xf24608E0CCb972b0b0f4A6446a0BBf58c701a026,0xf24608E0CCb972b0b0f4A6446a0BBf58c701a026,489177167573,489177167573000000,0x5a99a8103b9d467c1b8e829e5bb3e41bca6eca4c443abc09911a19b71c598a13,0x60a3E35Cc302bFA44Cb288Bc5a4F316Fdb1adb42,0x0000000000000000000000000000000000000000,EURC,,6,489177.167573
base,Withdraw,0xBBBBBbbBBb9cC5e90e3b3Af64bdAF62C37EEFFCb,25000137,2025-01-13 17:33:41,2750e1bbf55ed36fb232fed072834370aec1f1d905780845c23056144e207545,0eca88acc889c7fb0451aa93002ae0e635cd69adb5b936bacf2e359595b05fba,103,253,,0x23479229e52Ab6aaD312D0B03DF9F33B46753B5e,0x23479229e52Ab6aaD312D0B03DF9F33B46753B5e,0x23479229e52Ab6aaD312D0B03DF9F33B46753B5e,470285468987,463243831658715185,0x1c21c59df9db44bf6f645d854ee710a8ca17b479451447e9f56758aee10a2fad,0x833589fCD6eDb6E08f4c7C32D4f71b54bdA02913,0x2Ae3F1Ec7F1F5012CFEab0185bfc7aa3cf0DEc22,USDC,cbETH,6,470285.468987
base,Withdraw,0xBBBBBbbBBb9cC5e90e3b3Af64bdAF62C37EEFFCb,25000217,2025-01-13 17:36:21,85039cbb4aa733e02f760029849934629d49dd93f3da8d58dcb0ef067f935bb1,1ee5a42c76bd342665253edf04bbcfd806e5cae027a84c83be9168405a092aa9,48,84,,0x12AFDeFb2237a5963e7BAb3e2D46ad0eee70406e,0x12AFDeFb2237a5963e7BAb3e2D46ad0eee70406e,0x12AFDeFb2237a5963e7BAb3e2D46ad0eee70406e,847462,807872752164,0xdba352d93a64b17c71104cbddc6aef85cd432322a1446b5b65163cbbc615cd0c,0x833589fCD6eDb6E08f4c7C32D4f71b54bdA02913,0x2Ae3F1Ec7F1F5012CFEab0185bfc7aa3cf0DEc22,USDC,cbETH,6,0.847462
base,Withdraw,0xBBBBBbbBBb9cC5e90e3b3Af64bdAF62C37EEFFCb,25000224,2025-01-13 17:36:35,6c87b95cd6bfd1c43951c7f1cb19c48eadfd9f252cc985ef5a93907f9a30851a,1918f9ca332b4fb7d2b8389e77efaa1a003c71b28a44356dd38aa6192b84d445,172,894,,0xf24608E0CCb972b0b0f4A6446a0BBf58c701a026,0xf24608E0CCb972b0b0f4A6446a0BBf58c701a026,0xf24608E0CCb972b0b0f4A6446a0BBf58c701a026,488988814680,488988814680000000,0x5a99a8103b9d467c1b8e829e5bb3e41bca6eca4c443abc09911a19b71c598a13,0x60a3E35Cc302bFA44Cb288Bc5a4F316Fdb1adb42,0x0000000000000000000000000000000000000000,EURC,,6,488988.81468
base,Withdraw,0xBBBBBbbBBb9cC5e90e3b3Af64bdAF62C37EEFFCb,25000224,2025-01-13 17:36:35,6c87b95cd6bfd1c43951c7f1cb19c48eadfd9f252cc985ef5a93907f9a30851a,1918f9ca332b4fb7d2b8389e77efaa1a003c71b28a44356dd38aa6192b84d445,172,906,,0x23479229e52Ab6aaD312D0B03DF9F33B46753B5e,0x23479229e52Ab6aaD312D0B03DF9F33B46753B5e,0x23479229e52Ab6aaD312D0B03DF9F33B46753B5e,522134406216,514316276534677093,0x1c21c59df9db44bf6f645d854ee710a8ca17b479451447e9f56758aee10a2fad,0x833589fCD6eDb6E08f4c7C32D4f71b54bdA02913,0x2Ae3F1Ec7F1F5012CFEab0185bfc7aa3cf0DEc22,USDC,cbETH,6,522134.406216
base,Withdraw,0xBBBBBbbBBb9cC5e90e3b3Af64bdAF62C37EEFFCb,25000300,2025-01-13 17:39:07,58d656331272feef510dd9c2bea2a9b34957c5eb43d99d49c357580ee9b4e3c4,9f3bd4a4911c8728e752489b6d3291e16961f06084631f9f20be597aafdf153f,213,768,,0xf24608E0CCb972b0b0f4A6446a0BBf58c701a026,0xf24608E0CCb972b0b0f4A6446a0BBf58c701a026,0xf24608E0CCb972b0b0f4A6446a0BBf58c701a026,486010677033,486010677033000000,0x5a99a8103b9d467c1b8e829e5bb3e41bca6eca4c443abc09911a19b71c598a13,0x60a3E35Cc302bFA44Cb288Bc5a4F316Fdb1adb42,0x0000000000000000000000000000000000000000,EURC,,6,486010.677033
base,Withdraw,0xBBBBBbbBBb9cC5e90e3b3Af64bdAF62C37EEFFCb,25000300,2025-01-13 17:39:07,58d656331272feef510dd9c2bea2a9b34957c5eb43d99d49c357580ee9b4e3c4,9f3bd4a4911c8728e752489b6d3291e16961f06084631f9f20be597aafdf153f,213,780,,0x23479229e52Ab6aaD312D0B03DF9F33B46753B5e,0x23479229e52Ab6aaD312D0B03DF9F33B46753B5e,0x23479229e52Ab6aaD312D0B03DF9F33B46753B5e,470257628613,463216151588314558,0x1c21c59df9db44bf6f645d854ee710a8ca17b479451447e9f56758aee10a2fad,0x833589fCD6eDb6E08f4c7C32D4f71b54bdA02913,0x2Ae3F1Ec7F1F5012CFEab0185bfc7aa3cf0DEc22,USDC,cbETH,6,470257.628613
base,Withdraw,0xBBBBBbbBBb9cC5e90e3b3Af64bdAF62C37EEFFCb,25000308,2025-01-13 17:39:23,1184ea1f7c98f1e45ade1cbd1693dd7b6dac46f720c609f191bc2ba1a92f997c,dd56c893f338865abcefdbc83eda989281e7f8d0482e21efc89d16f99dc6757f,96,426,,0xbeeF010f9cb27031ad51e3333f9aF9C6B1228183,0xbeeF010f9cb27031ad51e3333f9aF9C6B1228183,0xbeeF010f9cb27031ad51e3333f9aF9C6B1228183,113075545,111382387401119,0x1c21c59df9db44bf6f645d854ee710a8ca17b479451447e9f56758aee10a2fad,0x833589fCD6eDb6E08f4c7C32D4f71b54bdA02913,0x2Ae3F1Ec7F1F5012CFEab0185bfc7aa3cf0DEc22,USDC,cbETH,6,113.075545
base,Withdraw,0xBBBBBbbBBb9cC5e90e3b3Af64bdAF62C37EEFFCb,25000363,2025-01-13 17:41:13,7b98dabf4e0f59448b4ea502567701d4e84387c635d0c6383c51ff8fdaaf685b,148e05daf116dc72795c25ae7369d1e9d9a21761f8caffe7e5cf93b9257bd68e,140,280,,0xa0E430870c4604CcfC7B38Ca7845B1FF653D0ff1,0xa0E430870c4604CcfC7B38Ca7845B1FF653D0ff1,0xa0E430870c4604CcfC7B38Ca7845B1FF653D0ff1,160087674289255793,160087674289255793000000,0xe920c120b2e1c79e9f97c5219ab092f96e06ed0b58882737fe863b029395f36f,0x4200000000000000000000000000000000000006,0x0000000000000000000000000000000000000000,WETH,,18,0.1600876742892558
base,Withdraw,0xBBBBBbbBBb9cC5e90e3b3Af64bdAF62C37EEFFCb,25000400,2025-01-13 17:42:27,a193220f383b41082e0bc275acd7e197b94d1fe3dc7bfd63420ca8f6e1bc5fc1,62258a8f17cca80286382534bd4f02a0e49021861c33837e484c7307a7f80e88,119,403,,0xeE8F4eC5672F09119b96Ab6fB59C27E1b7e44b61,0xeE8F4eC5672F09119b96Ab6fB59C27E1b7e44b61,0xeE8F4eC5672F09119b96Ab6fB59C27E1b7e44b61,502533,493759103649,0x9103c3b4e834476c9a62ea009ba2c884ee42e94e6e314a26f04d312434191836,0x833589fCD6eDb6E08f4c7C32D4f71b54bdA02913,0xcbB7C0000aB88B473b1f5aFd9ef808440eed33Bf,USDC,cbBTC,6,0.502533
base,Withdraw,0xBBBBBbbBBb9cC5e90e3b3Af64bdAF62C37EEFFCb,25000423,2025-01-13 17:43:13,433a8be3ee1ba36b529deee3f56d456cc89bdc75806b1da1e0b48273c2c31d6d,8846a42636bb7eb1a1c52ee599f3aed292a14f59066ea5a6aed26d38716bb3b7,55,130,,0xc1256Ae5FF1cf2719D4937adb3bbCCab2E00A2Ca,0xc1256Ae5FF1cf2719D4937adb3bbCCab2E00A2Ca,0xc1256Ae5FF1cf2719D4937adb3bbCCab2E00A2Ca,35786303187,35786303187000000,0x38c846197ac32a752a60c25d4536ebb0c3920c532e9a859c38c91efb7b8c2abb,0x833589fCD6eDb6E08f4c7C32D4f71b54bdA02913,0x0000000000000000000000000000000000000000,USDC,,6,35786.303187
base,Withdraw,0xBBBBBbbBBb9cC5e90e3b3Af64bdAF62C37EEFFCb,25000423,2025-01-13 17:43:13,433a8be3ee1ba36b529deee3f56d456cc89bdc75806b1da1e0b48273c2c31d6d,8846a42636bb7eb1a1c52ee599f3aed292a14f59066ea5a6aed26d38716bb3b7,55,140,,0xeE8F4eC5672F09119b96Ab6fB59C27E1b7e44b61,0xeE8F4eC5672F09119b96Ab6fB59C27E1b7e44b61,0xeE8F4eC5672F09119b96Ab6fB59C27E1b7e44b61,31211707684,30666769549562230,0x9103c3b4e834476c9a62ea009ba2c884ee42e94e6e314a26f04d312434191836,0x833589fCD6eDb6E08f4c7C32D4f71b54bdA02913,0xcbB7C0000aB88B473b1f5aFd9ef808440eed33Bf,USDC,cbBTC,6,31211.707684
base,Withdraw,0xBBBBBbbBBb9cC5e90e3b3Af64bdAF62C37EEFFCb,25000545,2025-01-13 17:47:17,0a9b757676ce7ec894682ab41d5f8f6720252e39fdf4b7fc366f0b677df69196,abced20b83a96f2ccbdd101148bb49151ffcab2ffb75751e8684ef4027e03f71,93,114,,0xc1256Ae5FF1cf2719D4937adb3bbCCab2E00A2Ca,0xc1256Ae5FF1cf2719D4937adb3bbCCab2E00A2Ca,0xc1256Ae5FF1cf2719D4937adb3bbCCab2E00A2Ca,100454811,100454811000000,0x38c846197ac32a752a60c25d4536ebb0c3920c532e9a859c38c91efb7b8c2abb,0x833589fCD6eDb6E08f4c7C32D4f71b54bdA02913,0x0000000000000000000000000000000000000000,USDC,,6,100.454811
base,Withdraw,0xBBBBBbbBBb9cC5e90e3b3Af64bdAF62C37EEFFCb,25000592,2025-01-13 17:48:51,87182e31fd3476e7d2c055bb2d267fe94f3315dbd093c13d2550bbbea4ac6f62,e652ab4f5499602f9eeb986c716245e152ef07685cdccf3c112594b279c9ec14,100,201,,0x6770216aC60F634483Ec073cBABC4011c94307Cb,0x6770216aC60F634483Ec073cBABC4011c94307Cb,0x6770216aC60F634483Ec073cBABC4011c94307Cb,575387402,575387402000000,0xe04a6c17bd59c9fcbc2bcf0035be0e78974f2741b15dc079635e2f0137d38f2c,0xcbB7C0000aB88B473b1f5aFd9ef808440eed33Bf,0x0000000000000000000000000000000000000000,cbBTC,,8,5.75387402
base,Withdraw,0xBBBBBbbBBb9cC5e90e3b3Af64bdAF62C37EEFFCb,25000609,2025-01-13 17:49:25,d6eb0c0599f7d2b1d9887ef54ad2ba95c24a2694494b555595ec9b32b03fda7f,3a04f128d840dfd3ed5a6fd28c09bb6224139be2744ce98172b1e66838899d6a,63,125,,0xf24608E0CCb972b0b0f4A6446a0BBf58c701a026,0xf24608E0CCb972b0b0f4A6446a0BBf58c701a026,0xf24608E0CCb972b0b0f4A6446a0BBf58c701a026,50000000,50000000000000,0x5a99a8103b9d467c1b8e829e5bb3e41bca6eca4c443abc09911a19b71c598a13,0x60a3E35Cc302bFA44Cb288Bc5a4F316Fdb1adb42,0x0000000000000000000000000000000000000000,EURC,,6,50.0
base,Withdraw,0xBBBBBbbBBb9cC5e90e3b3Af64bdAF62C37EEFFCb,25000702,2025-01-13 17:52:31,fa9098eba58732ba3cfb65d834dc099ce034d6a59e64fff3ad211c902f76ee03,6ad120eb2ecd885a5f8d63ad571b52e0fab4bed929ac1eed62aaf85114e0d64f,44,111,,0xc1256Ae5FF1cf2719D4937adb3bbCCab2E00A2Ca,0xc1256Ae5FF1cf2719D4937adb3bbCCab2E00A2Ca,0xc1256Ae5FF1cf2719D4937adb3bbCCab2E00A2Ca,80647545,80647545000000,0x38c846197ac32a752a60c25d4536ebb0c3920c532e9a859c38c91efb7b8c2abb,0x833589fCD6eDb6E08f4c7C32D4f71b54bdA02913,0x0000000000000000000000000000000000000000,USDC,,6,80.647545
base,Withdraw,0xBBBBBbbBBb9cC5e90e3b3Af64bdAF62C37EEFFCb,25000730,2025-01-13 17:53:27,133c8ca3f1982282ebcd3297ce16d89191332a9b1dcb25859675e69cc03e1041,531898daecaf4e03f525aafc104bc6f6a5796d6be27dca5d7b7b05a3d620951c,77,301,,0xa0E430870c4604CcfC7B38Ca7845B1FF653D0ff1,0xa0E430870c4604CcfC7B38Ca7845B1FF653D0ff1,0xa0E430870c4604CcfC7B38Ca7845B1FF653D0ff1,9834302810726631,9834302810726631000000,0xe920c120b2e1c79e9f97c5219ab092f96e06ed0b58882737fe863b029395f36f,0x4200000000000000000000000000000000000006,0x0000000000000000000000000000000000000000,WETH,,18,0.009834302810726631
base,Withdraw,0xBBBBBbbBBb9cC5e90e3b3Af64bdAF62C37EEFFCb,25000811,2025-01-13 17:56:09,106a80bf139d0fe98b172119e0aabaa833c041854f8407ee0fa0962d5f7d6351,d2362bfbe87d651580ff1ba7b91bc08e39400288fcbce26f859853fde04b19ac,54,170,,0xa0E430870c4604CcfC7B38Ca7845B1FF653D0ff1,0xa0E430870c4604CcfC7B38Ca7845B1FF653D0ff1,0xa0E430870c4604CcfC7B38Ca7845B1FF653D0ff1,3002125729399745,3002125729399745000000,0xe920c120b2e1c79e9f97c5219ab092f96e06ed0b58882737fe863b029395f36f,0x4200000000000000000000000000000000000006,0x0000000000000000000000000000000000000000,WETH,,18,0.003002125729399745
base,Withdraw,0xBBBBBbbBBb9cC5e90e3b3Af64bdAF62C37EEFFCb,25000814,2025-01-13 17:56:15,7556c9e0414c7ba7596bed1fc49bf737687ea687d3a77865f9caa96611c7b2bb,e60e1ab30eb25506a38a84671cebe6a0e1d23fdaeab55f1f5d83b863eedfeb35,60,283,,0xc1256Ae5FF1cf2719D4937adb3bbCCab2E00A2Ca,0xc1256Ae5FF1cf2719D4937adb3bbCCab2E00A2Ca,0xc1256Ae5FF1cf2719D4937adb3bbCCab2E00A2Ca,100500000,100500000000000,0x38c846197ac32a752a60c25d4536ebb0c3920c532e9a859c38c91efb7b8c2abb,0x833589fCD6eDb6E08f4c7C32D4f71b54bdA02913,0x0000000000000000000000000000000000000000,USDC,,6,100.5
base,Withdraw,0xBBBBBbbBBb9cC5e90e3b3Af64bdAF62C37EEFFCb,25000850,2025-01-13 17:57:27,ed7df82d63e27a20ac5f75f5ed6b390807061786a6b3152f8603cee458b9b0ea,2fe1b5daad727f0c5c00e1977b1c37465f7ddb95d67a7e7cf390b70ed6773146,103,1060,,0xA2Cac0023a4797b4729Db94783405189a4203AFc,0xA2Cac0023a4797b4729Db94783405189a4203AFc,0xA2Cac0023a4797b4729Db94783405189a4203AFc,11536933694825388,11536933694825388000000,0xe920c120b2e1c79e9f97c5219ab092f96e06ed0b58882737fe863b029395f36f,0x4200000000000000000000000000000000000006,0x0000000000000000000000000000000000000000,WETH,,18,0.011536933694825387
base,Withdraw,0xBBBBBbbBBb9cC5e90e3b3Af64bdAF62C37EEFFCb,25000858,2025-01-13 17:57:43,346b19b9dc9d040f5d76af8743d023d15fa776d10b565a3f71eb7c29d7121ad0,a1124aa6e4f527e5896f0b9bb32ed6b695019a81ce2b10c93e5ab5d2dcf90796,221,282,,0xbb819D845b573B5D7C538F5b85057160cfb5f313,0xbb819D845b573B5D7C538F5b85057160cfb5f313,0xbb819D845b573B5D7C538F5b85057160cfb5f313,10104157216209729211,10018608552263388057713575,0xc9658cac13a9b9b5c1ebaa8ce19c735283cc761ff528d149a7221047bb7fab45,0xCfA3Ef56d303AE4fAabA0592388F19d7C3399FB4,0xcbB7C0000aB88B473b1f5aFd9ef808440eed33Bf,eUSD,cbBTC,18,10.10415721620973
base,Withdraw,0xBBBBBbbBBb9cC5e90e3b3Af64bdAF62C37EEFFCb,25000881,2025-01-13 17:58:29,f855c77c2cfdc4d24f1325b6ca949abc3340cb0912c7e027e86bee8297b79b3c,db5871a38a8244e5bf4d0dbd34c886569ef581ddba36f4d0dab2bbd95934bbd3,122,147,,0x23479229e52Ab6aaD312D0B03DF9F33B46753B5e,0x23479229e52Ab6aaD312D0B03DF9F33B46753B5e,0x23479229e52Ab6aaD312D0B03DF9F33B46753B5e,4054578673,3993858912570325,0x1c21c59df9db44bf6f645d854ee710a8ca17b479451447e9f56758aee10a2fad,0x833589fCD6eDb6E08f4c7C32D4f71b54bdA02913,0x2Ae3F1Ec7F1F5012CFEab0185bfc7aa3cf0DEc22,USDC,cbETH,6,4054.578673
base,Withdraw,0xBBBBBbbBBb9cC5e90e3b3Af64bdAF62C37EEFFCb,25000903,2025-01-13 17:59:13,e6ca67a3275d00cfbf516d8bff86c00565c099e140d3cb6194a0ad3d44de1995,794984844fd8ab2dd383527f831b2d9af3d1320e0028b6a701f7abab2446cb3e,115,299,,0xc1256Ae5FF1cf2719D4937adb3bbCCab2E00A2Ca,0xc1256Ae5FF1cf2719D4937adb3bbCCab2E00A2Ca,0xc1256Ae5FF1cf2719D4937adb3bbCCab2E00A2Ca,62146790887,62146790887000000,0x38c846197ac32a752a60c25d4536ebb0c3920c532e9a859c38c91efb7b8c2abb,0x833589fCD6eDb6E08f4c7C32D4f71b54bdA02913,0x0000000000000000000000000000000000000000,USDC,,6,62146.790887
ethereum,Withdraw,0xBBBBBbbBBb9cC5e90e3b3Af64bdAF62C37EEFFCb,22800004,2025-06-28 02:39:35,90a5a6f42873dfdb8de7835d82fe767fc54e7d2bd1f85c31a67627572c5e943b,d5c964cb9bfe1b2affd051eb98be465d4fda9bef3a4b29fc5994e101ae809c9c,100,183,,0x68Aea7b82Df6CcdF76235D46445Ed83f85F845A3,0x68Aea7b82Df6CcdF76235D46445Ed83f85F845A3,0x68Aea7b82Df6CcdF76235D46445Ed83f85F845A3,13295181455,13295181455000000,0x54efdee08e272e929034a8f26f7ca34b1ebe364b275391169b28c6d7db24dbc8,0xA0b86991c6218b36c1d19D4a2e9Eb0cE3606eB48,0x0000000000000000000000000000000000000000,USDC,,6,13295.181455
ethereum,Withdraw,0xBBBBBbbBBb9cC5e90e3b3Af64bdAF62C37EEFFCb,22800015,2025-06-28 02:41:47,fc6d6d3ee91de56be8882fdc3a1c53466fb2b27b76bbb68301dfcd4f45b02806,f94a1f2da5223359d0617a892feccd276b1bddd8931d1766904354dcbdb94555,97,183,,0x000001ac4e512d670c34feDf6c71cE2F49fb160a,0x000001ac4e512d670c34feDf6c71cE2F49fb160a,0x000001ac4e512d670c34feDf6c71cE2F49fb160a,150025991239,148145052256198294,0x3bdb58058b41bb700458ba3df317e254244ddec7fc35fec93d2d53475cc6ebdc,0xA0b86991c6218b36c1d19D4a2e9Eb0cE3606eB48,0xCcE7D12f683c6dAe700154f0BAdf779C0bA1F89A,USDC,PT-syrupUSDC-28AUG2025,6,150025.991239
ethereum,Withdraw,0xBBBBBbbBBb9cC5e90e3b3Af64bdAF62C37EEFFCb,22800041,2025-06-28 02:46:59,4219fddba910c2f4939c5d6c8f91cf0ea6a14250a11dcda32c20e4d21fa11b05,3703012711a48b33cc4f18e395c407927884c7a9854f4d54749d907eb41c9faa,61,241,,0xBEeFFF209270748ddd194831b3fa287a5386f5bC,0xBEeFFF209270748ddd194831b3fa287a5386f5bC,0xBEeFFF209270748ddd194831b3fa287a5386f5bC,102734,96265234178,0x718af3af39b183758849486340b69466e3e89b84b7884188323416621ee91cb7,0xA0b86991c6218b36c1d19D4a2e9Eb0cE3606eB48,0x1f9840a85d5aF5bf1D1762F925BDADdC4201F984,USDC,UNI,6,0.102734
ethereum,Withdraw,0xBBBBBbbBBb9cC5e90e3b3Af64bdAF62C37EEFFCb,22800041,2025-06-28 02:46:59,4219fddba910c2f4939c5d6c8f91cf0ea6a14250a11dcda32c20e4d21fa11b05,fb14d8ec91faf1599b8909a5e2f1bebdd55a774e8ec27b27e45193772238f9ca,134,389,,0x78Fc2c2eD1A4cDb5402365934aE5648aDAd094d0,0x78Fc2c2eD1A4cDb5402365934aE5648aDAd094d0,0x78Fc2c2eD1A4cDb5402365934aE5648aDAd094d0,100000000000000000000,97441200055985859499819937,0x5f8a138ba332398a9116910f4d5e5dcd9b207024c5290ce5bc87bc2dbd8e4a86,0xC02aaA39b223FE8D0A0e5C4F27eAD9083C756Cc2,0xE72B141DF173b999AE7c1aDcbF60Cc9833Ce56a8,WETH,ETH+,18,100.0
ethereum,Withdraw,0xBBBBBbbBBb9cC5e90e3b3Af64bdAF62C37EEFFCb,22800044,2025-06-28 02:47:35,784f1849232453f11f6264d4f0f9cb1655cad62cf36c80a92d02232a79ed64df,378b9b717b6dcf08df431d593ef46249df10c07102a33672800c9665f9047c6c,23,115,,0xBEeFFF209270748ddd194831b3fa287a5386f5bC,0xBEeFFF209270748ddd194831b3fa287a5386f5bC,0xBEeFFF209270748ddd194831b3fa287a5386f5bC,607415994832,600086924448346417,0xa3819a7d2aee958ca0e7404137d012b51ea47d051db69d94656956eff8c80c23,0xA0b86991c6218b36c1d19D4a2e9Eb0cE3606eB48,0xCcE7D12f683c6dAe700154f0BAdf779C0bA1F89A,USDC,PT-syrupUSDC-28AUG2025,6,607415.994832
ethereum,Withdraw,0xBBBBBbbBBb9cC5e90e3b3Af64bdAF62C37EEFFCb,22800044,2025-06-28 02:47:35,784f1849232453f11f6264d4f0f9cb1655cad62cf36c80a92d02232a79ed64df,378b9b717b6dcf08df431d593ef46249df10c07102a33672800c9665f9047c6c,23,120,,0xBEeFFF209270748ddd194831b3fa287a5386f5bC,0xBEeFFF209270748ddd194831b3fa287a5386f5bC,0xBEeFFF209270748ddd194831b3fa287a5386f5bC,238713982043,230000906599389479,0x83b7ad16905809ea36482f4fbf6cfee9c9f316d128de9a5da1952607d5e4df5e,0xA0b86991c6218b36c1d19D4a2e9Eb0cE3606eB48,0xbEeFc011e94f43b8B7b455eBaB290C7Ab4E216f1,USDC,csUSDL,6,238713.982043
ethereum,Withdraw,0xBBBBBbbBBb9cC5e90e3b3Af64bdAF62C37EEFFCb,22800044,2025-06-28 02:47:35,784f1849232453f11f6264d4f0f9cb1655cad62cf36c80a92d02232a79ed64df,378b9b717b6dcf08df431d593ef46249df10c07102a33672800c9665f9047c6c,23,125,,0xBEeFFF209270748ddd194831b3fa287a5386f5bC,0xBEeFFF209270748ddd194831b3fa287a5386f5bC,0xBEeFFF209270748ddd194831b3fa287a5386f5bC,180007902611,178357606553128594,0x4005ba6eb7d2221fe58102bd320aa6d83c47b212771bc950ab71c5074d9ab0ec,0xA0b86991c6218b36c1d19D4a2e9Eb0cE3606eB48,0x2CA5f2C4300450D53214B00546795c1c07B89acB,USDC,PT-slvlUSD-25SEP2025,6,180007.902611
ethereum,Withdraw,0xBBBBBbbBBb9cC5e90e3b3Af64bdAF62C37EEFFCb,22800044,2025-06-28 02:47:35,784f1849232453f11f6264d4f0f9cb1655cad62cf36c80a92d02232a79ed64df,378b9b717b6dcf08df431d593ef46249df10c07102a33672800c9665f9047c6c,23,130,,0xBEeFFF209270748ddd194831b3fa287a5386f5bC,0xBEeFFF209270748ddd194831b3fa287a5386f5bC,0xBEeFFF209270748ddd194831b3fa287a5386f5bC,7583246575,7482381904199098,0x10b401f4254a7039b7168c5a614c81ea8be698186cfb33aa56ac2adbcf0e88f9,0xA0b86991c6218b36c1d19D4a2e9Eb0cE3606eB48,0xf736acF34FF7Cd9B3565b73a1f15E652859bF322,USDC,PT-RUSD-31JUL2025,6,7583.246575
ethereum,Withdraw,0xBBBBBbbBBb9cC5e90e3b3Af64bdAF62C37EEFFCb,22800044,2025-06-28 02:47:35,784f1849232453f11f6264d4f0f9cb1655cad62cf36c80a92d02232a79ed64df,378b9b717b6dcf08df431d593ef46249df10c07102a33672800c9665f9047c6c,23,135,,0xBEeFFF209270748ddd194831b3fa287a5386f5bC,0xBEeFFF209270748ddd194831b3fa287a5386f5bC,0xBEeFFF209270748ddd194831b3fa287a5386f5bC,4922583974,4875253872452658,0xe61a903174169e4897669e9bc4419eb7582b36d1a3d3df633dccab88da6e2ccd,0xA0b86991c6218b36c1d19D4a2e9Eb0cE3606eB48,0x207F7205fd6c4b602Fa792C8b2B60e6006D4a0b8,USDC,PT-lvlUSD-25SEP2025,6,4922.583974
ethereum,Withdraw,0xBBBBBbbBBb9cC5e90e3b3Af64bdAF62C37EEFFCb,22800044,2025-06-28 02:47:35,784f1849232453f11f6264d4f0f9cb1655cad62cf36c80a92d02232a79ed64df,378b9b717b6dcf08df431d593ef46249df10c07102a33672800c9665f9047c6c,23,140,,0xBEeFFF209270748ddd194831b3fa287a5386f5bC,0xBEeFFF209270748ddd194831b3fa287a5386f5bC,0xBEeFFF209270748ddd194831b3fa287a5386f5bC,1728779707,1726020956590396,0xef2c308b5abecf5c8750a1aa82b47c558005feb7a03f4f8e1ad682d71ac8d0ba,0xA0b86991c6218b36c1d19D4a2e9Eb0cE3606eB48,0x238a700eD6165261Cf8b2e544ba797BC11e466Ba,USDC,mF-ONE,6,1728.779707
ethereum,Withdraw,0xBBBBBbbBBb9cC5e90e3b3Af64bdAF62C37EEFFCb,22800044,2025-06-28 02:47:35,784f1849232453f11f6264d4f0f9cb1655cad62cf36c80a92d02232a79ed64df,378b9b717b6dcf08df431d593ef46249df10c07102a33672800c9665f9047c6c,23,145,,0xBEeFFF209270748ddd194831b3fa287a5386f5bC,0xBEeFFF209270748ddd194831b3fa287a5386f5bC,0xBEeFFF209270748ddd194831b3fa287a5386f5bC,15092812,14267477794514,0x27852bb453d4fe6ec918dd27b7136bb233d210aab1758a59ed8daaeec24f7b3d,0xA0b86991c6218b36c1d19D4a2e9Eb0cE3606eB48,0x386AE941D4262B0Ee96354499dF2ab8442734EC0,USDC,PT-sUSDE-27FEB2025,6,15.092812
ethereum,Withdraw,0xBBBBBbbBBb9cC5e90e3b3Af64bdAF62C37EEFFCb,22800044,2025-06-28 02:47:35,784f1849232453f11f6264d4f0f9cb1655cad62cf36c80a92d02232a79ed64df,378b9b717b6dcf08df431d593ef46249df10c07102a33672800c9665f9047c6c,23,150,,0xBEeFFF209270748ddd194831b3fa287a5386f5bC,0xBEeFFF209270748ddd194831b3fa287a5386f5bC,0xBEeFFF209270748ddd194831b3fa287a5386f5bC,679342,655128490211,0x8e7cc042d739a365c43d0a52d5f24160fa7ae9b7e7c9a479bd02a56041d4cf77,0xA0b86991c6218b36c1d19D4a2e9Eb0cE3606eB48,0x66a1E37c9b0eAddca17d3662D6c05F4DECf3e110,USDC,USR,6,0.679342
ethereum,Withdraw,0xBBBBBbbBBb9cC5e90e3b3Af64bdAF62C37EEFFCb,22800045,2025-06-28 02:47:47,5adf53abc1f49a5f192f3dae6a406823d46993305f0ae5449ccafac0c6a63486,cf402ccc40d7d241b92f81f98b1cc12471b5452fcfb34d0af538f705d7605191,9,68,,0xbEEF36A5C1372F8D7d211527FCE9f83FE02d8A73,0xbEEF36A5C1372F8D7d211527FCE9f83FE02d8A73,0xbEEF36A5C1372F8D7d211527FCE9f83FE02d8A73,5013260217213644109,4937135198529932250817285,0xf0edbb36183591ff28c56fdb283fdd6896cf1298990e5913208902adb87d2b75,0xC02aaA39b223FE8D0A0e5C4F27eAD9083C756Cc2,0x657d9ABA1DBb59e53f9F3eCAA878447dCfC96dCb,WETH,ynETHx,18,5.013260217213644
ethereum,Withdraw,0xBBBBBbbBBb9cC5e90e3b3Af64bdAF62C37EEFFCb,22800046,2025-06-28 02:47:59,bfc1d592f58960cc88b62c10288d28b7fc5eeade935dd523d1aa29b52dad311b,ca6203ff6e2a86aeba2a3e45b8d9f21fdd553f8fd8ecfc76fdb43641a932e960,0,6,,0x8eB67A509616cd6A7c1B3c8C21D48FF57df3d458,0x8eB67A509616cd6A7c1B3c8C21D48FF57df3d458,0x8eB67A509616cd6A7c1B3c8C21D48FF57df3d458,1000000000,988082077818824,0xfae6c3fca4d2fe61c62d29541e84a728b660a0dbc99217750c1080a8fc7d0e45,0xA0b86991c6218b36c1d19D4a2e9Eb0cE3606eB48,0x14Bdc3A3AE09f5518b923b69489CBcAfB238e617,USDC,PT-eUSDE-14AUG2025,6,1000.0
ethereum,Withdraw,0xBBBBBbbBBb9cC5e90e3b3Af64bdAF62C37EEFFCb,22800050,2025-06-28 02:48:47,739594f4b49fffe187680633582bf1798a4fae411e712f9c422c370942ce8d8c,3d12425b8503c45f49973fd8b4815983e77458ae13e32dd1e8f67e63a91623d6,153,415,,0x78Fc2c2eD1A4cDb5402365934aE5648aDAd094d0,0x78Fc2c2eD1A4cDb5402365934aE5648aDAd094d0,0x78Fc2c2eD1A4cDb5402365934aE5648aDAd094d0,29732832542346959916,28955542224664636450595296,0x2287407f0f42ad5ad224f70e4d9da37f02770f79959df703d6cfee8afc548e0d,0xC02aaA39b223FE8D0A0e5C4F27eAD9083C756Cc2,0x7122985656e38BDC0302Db86685bb972b145bD3C,WETH,STONE,18,29.73283254234696
ethereum,Withdraw,0xBBBBBbbBBb9cC5e90e3b3Af64bdAF62C37EEFFCb,22800090,2025-06-28 02:56:47,2423b347b894c418fc2b6b2be4641cb690367ffec5de768e06cc5aaa387a0307,69186f79a131d59d5fca013e24c36ce5dba123c7b971f23fea197268d61799ac,70,251,,0xBEeFFF209270748ddd194831b3fa287a5386f5bC,0xBEeFFF209270748ddd194831b3fa287a5386f5bC,0xBEeFFF209270748ddd194831b3fa287a5386f5bC,94711,88747360811,0x718af3af39b183758849486340b69466e3e89b84b7884188323416621ee91cb7,0xA0b86991c6218b36c1d19D4a2e9Eb0cE3606eB48,0x1f9840a85d5aF5bf1D1762F925BDADdC4201F984,USDC,UNI,6,0.094711
ethereum,Withdraw,0xBBBBBbbBBb9cC5e90e3b3Af64bdAF62C37EEFFCb,22800121,2025-06-28 03:02:59,11251ed32b9add1e0c6b9749feffdd541b7e1c614411e780954a3a3790cded53,7f143152ef0077d3130710d66171268563f4fc063df932867326991607789d41,134,503,,0xA8875aaeBc4f830524e35d57F9772FfAcbdD6C45,0xA8875aaeBc4f830524e35d57F9772FfAcbdD6C45,0xA8875aaeBc4f830524e35d57F9772FfAcbdD6C45,2821762,2821762000000,0x54efdee08e272e929034a8f26f7ca34b1ebe364b275391169b28c6d7db24dbc8,0xA0b86991c6218b36c1d19D4a2e9Eb0cE3606eB48,0x0000000000000000000000000000000000000000,USDC,,6,2.821762
ethereum,Withdraw,0xBBBBBbbBBb9cC5e90e3b3Af64bdAF62C37EEFFCb,22800125,2025-06-28 03:03:47,784b6c29489777bea070fcb7f52ac5e23788510ba199945e2075b2189305af99,c1d8ecf6b5c39457b7e82f9f738083924bfb1bcf167f4d1a929045063115c260,104,452,,0xbEEF36A5C1372F8D7d211527FCE9f83FE02d8A73,0xbEEF36A5C1372F8D7d211527FCE9f83FE02d8A73,0xbEEF36A5C1372F8D7d211527FCE9f83FE02d8A73,14744320443510634574,14292929652130035045213606,0xa0534c78620867b7c8706e3b6df9e69a2bc67c783281b7a77e034ed75cee012e,0xC02aaA39b223FE8D0A0e5C4F27eAD9083C756Cc2,0xbf5495Efe5DB9ce00f80364C8B423567e58d2110,WETH,ezETH,18,14.744320443510635
ethereum,Withdraw,0xBBBBBbbBBb9cC5e90e3b3Af64bdAF62C37EEFFCb,22800129,2025-06-28 03:04:35,0f51b10ac2e1584e23664477d24abd93198674870e89986ed2a6692d03a3488a,38dd367e48236edb82ae84b83c3c7fcf9f3d31beacb556e95f42a477ccc7b6be,53,195,,0xA0804346780b4c2e3bE118ac957D1DB82F9d7484,0xA0804346780b4c2e3bE118ac957D1DB82F9d7484,0xA0804346780b4c2e3bE118ac957D1DB82F9d7484,101961788,100901252073889,0x83e10b446f0f2013bb5417fbab8de0371808da605d9d88bdd3ad9de4e7303048,0xdAC17F958D2ee523a2206206994597C13D831ec7,0x3b3fB9C57858EF816833dC91565EFcd85D96f634,USDT,PT-sUSDE-31JUL2025,6,101.961788
ethereum,Withdraw,0xBBBBBbbBBb9cC5e90e3b3Af64bdAF62C37EEFFCb,22800159,2025-06-28 03:10:35,17c459be74f7d9baf74c482ea6e178aec5fb68e1973a340115f9fa53ed61b17b,c3b6c70e9c3361e9e6fa15c30f221bf368f1b23c9007a201b190f6068ffe3e70,55,94,,0x000001ac4e512d670c34feDf6c71cE2F49fb160a,0x000001ac4e512d670c34feDf6c71cE2F49fb160a,0x000001ac4e512d670c34feDf6c71cE2F49fb160a,50007622096714591497977,49649118228023100611174064242,0x972e8cd51940dd0311b7b6f5adeb86bc7563e3c7502c5d2c00b200195cb89f39,0x66a1E37c9b0eAddca17d3662D6c05F4DECf3e110,0x742B4166878Bfd339Db65a29a17E49b81a6B6Aac,USR,PT-RLP-4SEP2025,18,50007.62209671459
ethereum,Withdraw,0xBBBBBbbBBb9cC5e90e3b3Af64bdAF62C37EEFFCb,22800184,2025-06-28 03:15:47,f34165fc4d05273efe10a345a291942e1d9c7d6ae4106f9a62666e82bc552d0e,36e296612a4b0264c9522f99a817eee3d0c468709326c583aa07f45fddefc6e4,95,191,,0xbEef047a543E45807105E51A8BBEFCc5950fcfBa,0xbEef047a543E45807105E51A8BBEFCc5950fcfBa,0xbEef047a543E45807105E51A8BBEFCc5950fcfBa,2000000000,1983065476285984,0xf9e56386e74f06af6099340525788eec624fd9c0fc0ad9a647702d3f75e3b6a9,0xdAC17F958D2ee523a2206206994597C13D831ec7,0xbEeFc011e94f43b8B7b455eBaB290C7Ab4E216f1,USDT,csUSDL,6,2000.0
ethereum,Withdraw,0xBBBBBbbBBb9cC5e90e3b3Af64bdAF62C37EEFFCb,22800188,2025-06-28 03:16:35,6f104c82ad2c3ec2f27fdec2ae0252ed083a20afed2db7dda21169d6d1efae0c,25635888be1f7e4e814a097bc7594e9f9c49cdbd37eae3e562a19de465a12ce6,108,212,,0xc582F04d8a82795aa2Ff9c8bb4c1c889fe7b754e,0xc582F04d8a82795aa2Ff9c8bb4c1c889fe7b754e,0xc582F04d8a82795aa2Ff9c8bb4c1c889fe7b754e,8816973,8437018017204,0xe1b65304edd8ceaea9b629df4c3c926a37d1216e27900505c04f14b2ed279f33,0xA0b86991c6218b36c1d19D4a2e9Eb0cE3606eB48,0x4956b52aE2fF65D74CA2d61207523288e4528f96,USDC,RLP,6,8.816973
ethereum,Withdraw,0xBBBBBbbBBb9cC5e90e3b3Af64bdAF62C37EEFFCb,22800188,2025-06-28 03:16:35,6f104c82ad2c3ec2f27fdec2ae0252ed083a20afed2db7dda21169d6d1efae0c,25635888be1f7e4e814a097bc7594e9f9c49cdbd37eae3e562a19de465a12ce6,108,222,,0x777791C4d6DC2CE140D00D2828a7C93503c67777,0x777791C4d6DC2CE140D00D2828a7C93503c67777,0x777791C4d6DC2CE140D00D2828a7C93503c67777,5290183,5290183000000,0x54efdee08e272e929034a8f26f7ca34b1ebe364b275391169b28c6d7db24dbc8,0xA0b86991c6218b36c1d19D4a2e9Eb0cE3606eB48,0x0000000000000000000000000000000000000000,USDC,,6,5.290183
ethereum,Withdraw,0xBBBBBbbBBb9cC5e90e3b3Af64bdAF62C37EEFFCb,22800197,2025-06-28 03:18:23,04f300bcd5fd5af4c0add22484a4e6b69c52ecd17122f46f01e8d3f6b37914b2,4580b4bf6d316fbc0c0c3ff5557b9d3cf964f96e1b4b4d7be125ca35e44ae939,17,120,,0x95EeF579155cd2C5510F312c8fA39208c3Be01a8,0x95EeF579155cd2C5510F312c8fA39208c3Be01a8,0x95EeF579155cd2C5510F312c8fA39208c3Be01a8,4167824274,3677395294289184,0xdc5333039bcf15f1237133f74d5806675d83d9cf19cfd4cfdd9be674842651bf,0xdAC17F958D2ee523a2206206994597C13D831ec7,0x9D39A5DE30e57443BfF2A8307A4256c8797A3497,USDT,sUSDe,6,4167.824274
ethereum,Withdraw,0xBBBBBbbBBb9cC5e90e3b3Af64bdAF62C37EEFFCb,22800206,2025-06-28 03:20:11,67af0389269333cb2971b9bc4f82bc9bb9da51b45298fe2eef98ee0a12485e18,677b501b5cc7aeae7879d0cd28be09dc2acd40f93a1b157e802a455f9b5bc0d1,21,146,,0xd63070114470f685b75B74D60EEc7c1113d33a3D,0xd63070114470f685b75B74D60EEc7c1113d33a3D,0xd63070114470f685b75B74D60EEc7c1113d33a3D,126838422817,121234479011025634,0xa59b6c3c6d1df322195bfb48ddcdcca1a4c0890540e8ee75815765096c1e8971,0xA0b86991c6218b36c1d19D4a2e9Eb0cE3606eB48,0x1d08E7adC263CfC70b1BaBe6dC5Bb339c16Eec52,USDC,USD0USD0++,6,126838.422817
ethereum,Withdraw,0xBBBBBbbBBb9cC5e90e3b3Af64bdAF62C37EEFFCb,22800234,2025-06-28 03:25:47,7d4e981e4ce06d5297da9e7d482f378c9875f2569903deb5d0b614cd9c86abea,98c4621557371e3aa5a447c6bdb8cb01b57aef60212fc2cf893887813c5c97db,109,382,,0xd63070114470f685b75B74D60EEc7c1113d33a3D,0xd63070114470f685b75B74D60EEc7c1113d33a3D,0xd63070114470f685b75B74D60EEc7c1113d33a3D,186313318207,180927584715146520,0xbfed072faee09b963949defcdb91094465c34c6c62d798b906274ef3563c9cac,0xA0b86991c6218b36c1d19D4a2e9Eb0cE3606eB48,0x738d1115B90efa71AE468F1287fc864775e23a31,USDC,srUSD,6,186313.318207
ethereum,Withdraw,0xBBBBBbbBBb9cC5e90e3b3Af64bdAF62C37EEFFCb,22800234,2025-06-28 03:25:47,7d4e981e4ce06d5297da9e7d482f378c9875f2569903deb5d0b614cd9c86abea,98c4621557371e3aa5a447c6bdb8cb01b57aef60212fc2cf893887813c5c97db,109,387,,0xd63070114470f685b75B74D60EEc7c1113d33a3D,0xd63070114470f685b75B74D60EEc7c1113d33a3D,0xd63070114470f685b75B74D60EEc7c1113d33a3D,141383883771,139389378128779111,0x8b1bc4d682b04a16309a8adf77b35de0c42063a7944016cfc37a79ccac0007b6,0xA0b86991c6218b36c1d19D4a2e9Eb0cE3606eB48,0x4737D9b4592B40d51e110b94c9C043c6654067Ae,USDC,slvlUSD,6,141383.883771
ethereum,Withdraw,0xBBBBBbbBBb9cC5e90e3b3Af64bdAF62C37EEFFCb,22800234,2025-06-28 03:25:47,7d4e981e4ce06d5297da9e7d482f378c9875f2569903deb5d0b614cd9c86abea,98c4621557371e3aa5a447c6bdb8cb01b57aef60212fc2cf893887813c5c97db,109,392,,0xd63070114470f685b75B74D60EEc7c1113d33a3D,0xd63070114470f685b75B74D60EEc7c1113d33a3D,0xd63070114470f685b75B74D60EEc7c1113d33a3D,134258369762,131182973245642894,0x0f9563442d64ab3bd3bcb27058db0b0d4046a4c46f0acd811dacae9551d2b129,0xA0b86991c6218b36c1d19D4a2e9Eb0cE3606eB48,0x5C5b196aBE0d54485975D1Ec29617D42D9198326,USDC,sdeUSD,6,134258.369762
ethereum,Withdraw,0xBBBBBbbBBb9cC5e90e3b3Af64bdAF62C37EEFFCb,22800234,2025-06-28 03:25:47,7d4e981e4ce06d5297da9e7d482f378c9875f2569903deb5d0b614cd9c86abea,98c4621557371e3aa5a447c6bdb8cb01b57aef60212fc2cf893887813c5c97db,109,397,,0xd63070114470f685b75B74D60EEc7c1113d33a3D,0xd63070114470f685b75B74D60EEc7c1113d33a3D,0xd63070114470f685b75B74D60EEc7c1113d33a3D,116969730789,115677411050176851,0x544b0a093b130a3fb01b72a1279ab848575f049c73da3b5c9c718f9350a1519c,0xA0b86991c6218b36c1d19D4a2e9Eb0cE3606eB48,0xf10A134A987E22ffa9463570A6D1eb92a63Fc178,USDC,PT-csUSDL-31JUL2025,6,116969.730789
ethereum,Withdraw,0xBBBBBbbBBb9cC5e90e3b3Af64bdAF62C37EEFFCb,22800234,2025-06-28 03:25:47,7d4e981e4ce06d5297da9e7d482f378c9875f2569903deb5d0b614cd9c86abea,98c4621557371e3aa5a447c6bdb8cb01b57aef60212fc2cf893887813c5c97db,109,402,,0xd63070114470f685b75B74D60EEc7c1113d33a3D,0xd63070114470f685b75B74D60EEc7c1113d33a3D,0xd63070114470f685b75B74D60EEc7c1113d33a3D,106318764263,104106515272456776,0x729badf297ee9f2f6b3f717b96fd355fc6ec00422284ce1968e76647b258cf44,0xA0b86991c6218b36c1d19D4a2e9Eb0cE3606eB48,0x80ac24aA929eaF5013f6436cdA2a7ba190f5Cc0b,USDC,syrupUSDC,6,106318.764263
ethereum,Withdraw,0xBBBBBbbBBb9cC5e90e3b3Af64bdAF62C37EEFFCb,22800234,2025-06-28 03:25:47,7d4e981e4ce06d5297da9e7d482f378c9875f2569903deb5d0b614cd9c86abea,98c4621557371e3aa5a447c6bdb8cb01b57aef60212fc2cf893887813c5c97db,109,407,,0xd63070114470f685b75B74D60EEc7c1113d33a3D,0xd63070114470f685b75B74D60EEc7c1113d33a3D,0xd63070114470f685b75B74D60EEc7c1113d33a3D,83605982567,80003018744965193,0xe1b65304edd8ceaea9b629df4c3c926a37d1216e27900505c04f14b2ed279f33,0xA0b86991c6218b36c1d19D4a2e9Eb0cE3606eB48,0x4956b52aE2fF65D74CA2d61207523288e4528f96,USDC,RLP,6,83605.982567
ethereum,Withdraw,0xBBBBBbbBBb9cC5e90e3b3Af64bdAF62C37EEFFCb,22800234,2025-06-28 03:25:47,7d4e981e4ce06d5297da9e7d482f378c9875f2569903deb5d0b614cd9c86abea,98c4621557371e3aa5a447c6bdb8cb01b57aef60212fc2cf893887813c5c97db,109,412,,0xd63070114470f685b75B74D60EEc7c1113d33a3D,0xd63070114470f685b75B74D60EEc7c1113d33a3D,0xd63070114470f685b75B74D60EEc7c1113d33a3D,72583531635,72354040419110992,0x8a71a66ac828c2b6d4f8accce5859aba0822b502f3833bec4aff09479affffdb,0xA0b86991c6218b36c1d19D4a2e9Eb0cE3606eB48,0xB10DA2F9147f9cf2B8826877Cd0c95c18A0f42dc,USDC,PT-cUSDO-20NOV2025,6,72583.531635
ethereum,Withdraw,0xBBBBBbbBBb9cC5e90e3b3Af64bdAF62C37EEFFCb,22800234,2025-06-28 03:25:47,7d4e981e4ce06d5297da9e7d482f378c9875f2569903deb5d0b614cd9c86abea,98c4621557371e3aa5a447c6bdb8cb01b57aef60212fc2cf893887813c5c97db,109,417,,0xd63070114470f685b75B74D60EEc7c1113d33a3D,0xd63070114470f685b75B74D60EEc7c1113d33a3D,0xd63070114470f685b75B74D60EEc7c1113d33a3D,40204342317,39693615771719845,0xbc552f0b14dd6f8e60b760a534ac1d8613d3539153b4d9675d697e048f2edc7e,0xA0b86991c6218b36c1d19D4a2e9Eb0cE3606eB48,0x3b3fB9C57858EF816833dC91565EFcd85D96f634,USDC,PT-sUSDE-31JUL2025,6,40204.342317
ethereum,Withdraw,0xBBBBBbbBBb9cC5e90e3b3Af64bdAF62C37EEFFCb,22800234,2025-06-28 03:25:47,7d4e981e4ce06d5297da9e7d482f378c9875f2569903deb5d0b614cd9c86abea,98c4621557371e3aa5a447c6bdb8cb01b57aef60212fc2cf893887813c5c97db,109,422,,0xd63070114470f685b75B74D60EEc7c1113d33a3D,0xd63070114470f685b75B74D60EEc7c1113d33a3D,0xd63070114470f685b75B74D60EEc7c1113d33a3D,38890217105,37281185111091049,0x5f5bfaa51137098abc90b249c93b6051987877ada76135bb3dd7502b10d184a3,0xA0b86991c6218b36c1d19D4a2e9Eb0cE3606eB48,0x7C1156E515aA1A2E851674120074968C905aAF37,USDC,lvlUSD,6,38890.217105
ethereum,Withdraw,0xBBBBBbbBBb9cC5e90e3b3Af64bdAF62C37EEFFCb,22800234,2025-06-28 03:25:47,7d4e981e4ce06d5297da9e7d482f378c9875f2569903deb5d0b614cd9c86abea,98c4621557371e3aa5a447c6bdb8cb01b57aef60212fc2cf893887813c5c97db,109,427,,0xd63070114470f685b75B74D60EEc7c1113d33a3D,0xd63070114470f685b75B74D60EEc7c1113d33a3D,0xd63070114470f685b75B74D60EEc7c1113d33a3D,94622561,93480462800012,0xa3819a7d2aee958ca0e7404137d012b51ea47d051db69d94656956eff8c80c23,0xA0b86991c6218b36c1d19D4a2e9Eb0cE3606eB48,0xCcE7D12f683c6dAe700154f0BAdf779C0bA1F89A,USDC,PT-syrupUSDC-28AUG2025,6,94.622561
ethereum,Withdraw,0xBBBBBbbBBb9cC5e90e3b3Af64bdAF62C37EEFFCb,22800257,2025-06-28 03:30:23,bdd1b34f65f0b53c791bbd46c1ef17c6e6959f33bbbbe7cdc15b395735bc113c,d635d8859e271cd64d8a99f44abe55fc9a329f86bfd504eebb8960167961f9cb,105,216,,0x9a8bC3B04b7f3D87cfC09ba407dCED575f2d61D8,0x9a8bC3B04b7f3D87cfC09ba407dCED575f2d61D8,0x9a8bC3B04b7f3D87cfC09ba407dCED575f2d61D8,21833039447150350897,21164585045765233835012238,0xa0534c78620867b7c8706e3b6df9e69a2bc67c783281b7a77e034ed75cee012e,0xC02aaA39b223FE8D0A0e5C4F27eAD9083C756Cc2,0xbf5495Efe5DB9ce00f80364C8B423567e58d2110,WETH,ezETH,18,21.83303944715035
ethereum,Withdraw,0xBBBBBbbBBb9cC5e90e3b3Af64bdAF62C37EEFFCb,22800257,2025-06-28 03:30:23,bdd1b34f65f0b53c791bbd46c1ef17c6e6959f33bbbbe7cdc15b395735bc113c,d635d8859e271cd64d8a99f44abe55fc9a329f86bfd504eebb8960167961f9cb,105,221,,0x9a8bC3B04b7f3D87cfC09ba407dCED575f2d61D8,0x9a8bC3B04b7f3D87cfC09ba407dCED575f2d61D8,0x9a8bC3B04b7f3D87cfC09ba407dCED575f2d61D8,21575618517401242562,21011544562846195595701320,0x2287407f0f42ad5ad224f70e4d9da37f02770f79959df703d6cfee8afc548e0d,0xC02aaA39b223FE8D0A0e5C4F27eAD9083C756Cc2,0x7122985656e38BDC0302Db86685bb972b145bD3C,WETH,STONE,18,21.575618517401242
ethereum,Withdraw,0xBBBBBbbBBb9cC5e90e3b3Af64bdAF62C37EEFFCb,22800257,2025-06-28 03:30:23,bdd1b34f65f0b53c791bbd46c1ef17c6e6959f33bbbbe7cdc15b395735bc113c,d635d8859e271cd64d8a99f44abe55fc9a329f86bfd504eebb8960167961f9cb,105,226,,0x9a8bC3B04b7f3D87cfC09ba407dCED575f2d61D8,0x9a8bC3B04b7f3D87cfC09ba407dCED575f2d61D8,0x9a8bC3B04b7f3D87cfC09ba407dCED575f2d61D8,18949575164733163254,18482248457007317792176724,0xb8fc70e82bc5bb53e773626fcc6a23f7eefa036918d7ef216ecfb1950a94a85e,0xC02aaA39b223FE8D0A0e5C4F27eAD9083C756Cc2,0x7f39C581F595B53c5cb19bD0b3f8dA6c935E2Ca0,WETH,wstETH,18,18.94957516473316
ethereum,Withdraw,0xBBBBBbbBBb9cC5e90e3b3Af64bdAF62C37EEFFCb,22800257,2025-06-28 03:30:23,bdd1b34f65f0b53c791bbd46c1ef17c6e6959f33bbbbe7cdc15b395735bc113c,d635d8859e271cd64d8a99f44abe55fc9a329f86bfd504eebb8960167961f9cb,105,231,,0x9a8bC3B04b7f3D87cfC09ba407dCED575f2d61D8,0x9a8bC3B04b7f3D87cfC09ba407dCED575f2d61D8,0x9a8bC3B04b7f3D87cfC09ba407dCED575f2d61D8,18754957451849285091,18339722826799929336416559,0xd0e50cdac92fe2172043f5e0c36532c6369d24947e40968f34a5e8819ca9ec5d,0xC02aaA39b223FE8D0A0e5C4F27eAD9083C756Cc2,0x7f39C581F595B53c5cb19bD0b3f8dA6c935E2Ca0,WETH,wstETH,18,18.754957451849286
ethereum,Withdraw,0xBBBBBbbBBb9cC5e90e3b3Af64bdAF62C37EEFFCb,22800257,2025-06-28 03:30:23,bdd1b34f65f0b53c791bbd46c1ef17c6e6959f33bbbbe7cdc15b395735bc113c,d635d8859e271cd64d8a99f44abe55fc9a329f86bfd504eebb8960167961f9cb,105,236,,0x9a8bC3B04b7f3D87cfC09ba407dCED575f2d61D8,0x9a8bC3B04b7f3D87cfC09ba407dCED575f2d61D8,0x9a8bC3B04b7f3D87cfC09ba407dCED575f2d61D8,12958915948111114712,12697705576054444073484916,0xba761af4134efb0855adfba638945f454f0a704af11fc93439e20c7c5ebab942,0xC02aaA39b223FE8D0A0e5C4F27eAD9083C756Cc2,0xA1290d69c65A6Fe4DF752f95823fae25cB99e5A7,WETH,rsETH,18,12.958915948111114
ethereum,Withdraw,0xBBBBBbbBBb9cC5e90e3b3Af64bdAF62C37EEFFCb,22800257,2025-06-28 03:30:23,bdd1b34f65f0b53c791bbd46c1ef17c6e6959f33bbbbe7cdc15b395735bc113c,d635d8859e271cd64d8a99f44abe55fc9a329f86bfd504eebb8960167961f9cb,105,241,,0x9a8bC3B04b7f3D87cfC09ba407dCED575f2d61D8,0x9a8bC3B04b7f3D87cfC09ba407dCED575f2d61D8,0x9a8bC3B04b7f3D87cfC09ba407dCED575f2d61D8,11153641044079391939,10768188471858418586545600,0x138eec0e4a1937eb92ebc70043ed539661dd7ed5a89fb92a720b341650288a40,0xC02aaA39b223FE8D0A0e5C4F27eAD9083C756Cc2,0x2260FAC5E5542a773Aa44fBCfeDf7C193bc2C599,WETH,WBTC,18,11.153641044079391
ethereum,Withdraw,0xBBBBBbbBBb9cC5e90e3b3Af64bdAF62C37EEFFCb,22800257,2025-06-28 03:30:23,bdd1b34f65f0b53c791bbd46c1ef17c6e6959f33bbbbe7cdc15b395735bc113c,d635d8859e271cd64d8a99f44abe55fc9a329f86bfd504eebb8960167961f9cb,105,246,,0x9a8bC3B04b7f3D87cfC09ba407dCED575f2d61D8,0x9a8bC3B04b7f3D87cfC09ba407dCED575f2d61D8,0x9a8bC3B04b7f3D87cfC09ba407dCED575f2d61D8,3077971460771216544,2994940217020770961903042,0xf78b7d3a62437f78097745a5e3117a50c56a02ec5f072cba8d988a129c6d4fb6,0xC02aaA39b223FE8D0A0e5C4F27eAD9083C756Cc2,0x97Ad75064b20fb2B2447feD4fa953bF7F007a706,WETH,beraSTONE,18,3.0779714607712165
ethereum,Withdraw,0xBBBBBbbBBb9cC5e90e3b3Af64bdAF62C37EEFFCb,22800273,2025-06-28 03:33:35,1f9f70fce0f1455f49e58e631793b9ca6dcddea371397d2e6e36eaaf7f9fb50a,72449d126e72b5e172e933ecd5339afe7888c84c8187ad5ee7296ae550a42653,57,699,,0xbEEF36A5C1372F8D7d211527FCE9f83FE02d8A73,0xbEEF36A5C1372F8D7d211527FCE9f83FE02d8A73,0xbEEF36A5C1372F8D7d211527FCE9f83FE02d8A73,7047016566787507582,6939980409291511446724048,0xf0edbb36183591ff28c56fdb283fdd6896cf1298990e5913208902adb87d2b75,0xC02aaA39b223FE8D0A0e5C4F27eAD9083C756Cc2,0x657d9ABA1DBb59e53f9F3eCAA878447dCfC96dCb,WETH,ynETHx,18,7.047016566787508
ethereum,Withdraw,0xBBBBBbbBBb9cC5e90e3b3Af64bdAF62C37EEFFCb,22800273,2025-06-28 03:33:35,1f9f70fce0f1455f49e58e631793b9ca6dcddea371397d2e6e36eaaf7f9fb50a,72449d126e72b5e172e933ecd5339afe7888c84c8187ad5ee7296ae550a42653,57,704,,0xbEEF36A5C1372F8D7d211527FCE9f83FE02d8A73,0xbEEF36A5C1372F8D7d211527FCE9f83FE02d8A73,0xbEEF36A5C1372F8D7d211527FCE9f83FE02d8A73,4207450153481,4150009443367531908,0x0cf0597c314f60b9e42d4666073014cf4f7cdf72dea45626aa1caad695c74f2a,0xC02aaA39b223FE8D0A0e5C4F27eAD9083C756Cc2,0x833AdaeF212c5cD3f78906B44bBfb18258F238F0,WETH,bbqWSTETH,18,4.207450153481e-06
ethereum,Withdraw,0xBBBBBbbBBb9cC5e90e3b3Af64bdAF62C37EEFFCb,22800286,2025-06-28 03:36:11,41592bc55af01d51300c6a0e07be30c759bc02d7fcedd10e8447dd14b089c495,2aaebbafb6056a9be300f93ba4ee6dd604a4ae04fb983c79d96308c6d1635e55,0,19,,0xc582F04d8a82795aa2Ff9c8bb4c1c889fe7b754e,0xc582F04d8a82795aa2Ff9c8bb4c1c889fe7b754e,0xc582F04d8a82795aa2Ff9c8bb4c1c889fe7b754e,2482137,2375167607902,0xe1b65304edd8ceaea9b629df4c3c926a37d1216e27900505c04f14b2ed279f33,0xA0b86991c6218b36c1d19D4a2e9Eb0cE3606eB48,0x4956b52aE2fF65D74CA2d61207523288e4528f96,USDC,RLP,6,2.482137
ethereum,Withdraw,0xBBBBBbbBBb9cC5e90e3b3Af64bdAF62C37EEFFCb,22800286,2025-06-28 03:36:11,41592bc55af01d51300c6a0e07be30c759bc02d7fcedd10e8447dd14b089c495,2aaebbafb6056a9be300f93ba4ee6dd604a4ae04fb983c79d96308c6d1635e55,0,29,,0x777791C4d6DC2CE140D00D2828a7C93503c67777,0x777791C4d6DC2CE140D00D2828a7C93503c67777,0x777791C4d6DC2CE140D00D2828a7C93503c67777,1489282,1489282000000,0x54efdee08e272e929034a8f26f7ca34b1ebe364b275391169b28c6d7db24dbc8,0xA0b86991c6218b36c1d19D4a2e9Eb0cE3606eB48,0x0000000000000000000000000000000000000000,USDC,,6,1.489282
ethereum,Withdraw,0xBBBBBbbBBb9cC5e90e3b3Af64bdAF62C37EEFFCb,22800289,2025-06-28 03:36:47,ecfaf728a7eea459509215bdd30cfe022532b950f7485d58b5a6d3aa24454f7e,d729e3c0e3d93bc796ce75a90cc622d367c15bb214a5448a9bbec110c26cfc9a,62,714,,0xbEeFc011e94f43b8B7b455eBaB290C7Ab4E216f1,0xbEeFc011e94f43b8B7b455eBaB290C7Ab4E216f1,0xbEeFc011e94f43b8B7b455eBaB290C7Ab4E216f1,15551996737333527592,15551996737333527592000000,0x2f9af50d3349c6d4dc33281ce16f97ec8a9b89baa21ffd88b3fbb9a34a90b036,0x7751E2F4b8ae93EF6B79d86419d42FE3295A4559,0x0000000000000000000000000000000000000000,wUSDL,,6,15551996737333.527
ethereum,Withdraw,0xBBBBBbbBBb9cC5e90e3b3Af64bdAF62C37EEFFCb,22800338,2025-06-28 03:46:35,f9186e7838d76e6367ea15a97c59c927084ea3ad94328d9979dcab36ed08dfd5,7758cf59fd34e4fa6d9d5f3d70e306502a8831c95a96062bbb0314b60f9e0125,97,193,,0x9a8bC3B04b7f3D87cfC09ba407dCED575f2d61D8,0x9a8bC3B04b7f3D87cfC09ba407dCED575f2d61D8,0x9a8bC3B04b7f3D87cfC09ba407dCED575f2d61D8,370000000000000000,361808077353929577523771,0xd0e50cdac92fe2172043f5e0c36532c6369d24947e40968f34a5e8819ca9ec5d,0xC02aaA39b223FE8D0A0e5C4F27eAD9083C756Cc2,0x7f39C581F595B53c5cb19bD0b3f8dA6c935E2Ca0,WETH,wstETH,18,0.37
ethereum,Withdraw,0xBBBBBbbBBb9cC5e90e3b3Af64bdAF62C37EEFFCb,22800338,2025-06-28 03:46:35,f9186e7838d76e6367ea15a97c59c927084ea3ad94328d9979dcab36ed08dfd5,7758cf59fd34e4fa6d9d5f3d70e306502a8831c95a96062bbb0314b60f9e0125,97,204,,0x9a8bC3B04b7f3D87cfC09ba407dCED575f2d61D8,0x9a8bC3B04b7f3D87cfC09ba407dCED575f2d61D8,0x9a8bC3B04b7f3D87cfC09ba407dCED575f2d61D8,100000000000000000000,97785966852413399330748697,0xd0e50cdac92fe2172043f5e0c36532c6369d24947e40968f34a5e8819ca9ec5d,0xC02aaA39b223FE8D0A0e5C4F27eAD9083C756Cc2,0x7f39C581F595B53c5cb19bD0b3f8dA6c935E2Ca0,WETH,wstETH,18,100.0
ethereum,Withdraw,0xBBBBBbbBBb9cC5e90e3b3Af64bdAF62C37EEFFCb,22800338,2025-06-28 03:46:35,f9186e7838d76e6367ea15a97c59c927084ea3ad94328d9979dcab36ed08dfd5,7758cf59fd34e4fa6d9d5f3d70e306502a8831c95a96062bbb0314b60f9e0125,97,226,,0x9a8bC3B04b7f3D87cfC09ba407dCED575f2d61D8,0x9a8bC3B04b7f3D87cfC09ba407dCED575f2d61D8,0x9a8bC3B04b7f3D87cfC09ba407dCED575f2d61D8,49630000000000000000,48531175348852770087850579,0xd0e50cdac92fe2172043f5e0c36532c6369d24947e40968f34a5e8819ca9ec5d,0xC02aaA39b223FE8D0A0e5C4F27eAD9083C756Cc2,0x7f39C581F595B53c5cb19bD0b3f8dA6c935E2Ca0,WETH,wstETH,18,49.63
ethereum,Withdraw,0xBBBBBbbBBb9cC5e90e3b3Af64bdAF62C37EEFFCb,22800407,2025-06-28 04:00:23,f8f7112ae60e942b6418b70fad5219ef93305ac6a8f119beac63712be822189e,8dfc2dbed7d9360e5d87a0e4c3ce2909574300f9d6b6f46267f6fe176163051b,166,317,,0xd41830d88dfD08678b0B886E0122193d54b02Acc,0xd41830d88dfD08678b0B886E0122193d54b02Acc,0xd41830d88dfD08678b0B886E0122193d54b02Acc,1470555668526,1470555668526000000,0x54efdee08e272e929034a8f26f7ca34b1ebe364b275391169b28c6d7db24dbc8,0xA0b86991c6218b36c1d19D4a2e9Eb0cE3606eB48,0x0000000000000000000000000000000000000000,USDC,,6,1470555.668526
ethereum,Withdraw,0xBBBBBbbBBb9cC5e90e3b3Af64bdAF62C37EEFFCb,22800407,2025-06-28 04:00:23,f8f7112ae60e942b6418b70fad5219ef93305ac6a8f119beac63712be822189e,8dfc2dbed7d9360e5d87a0e4c3ce2909574300f9d6b6f46267f6fe176163051b,166,322,,0xd41830d88dfD08678b0B886E0122193d54b02Acc,0xd41830d88dfD08678b0B886E0122193d54b02Acc,0xd41830d88dfD08678b0B886E0122193d54b02Acc,190852962,190278331391048,0xd647ec76fd3d2e6fb2133fd496a150f91d86956ad02b0b654435501527d3da0c,0xA0b86991c6218b36c1d19D4a2e9Eb0cE3606eB48,0x3bd0C522eA444eA2B3F28777e8C20248b6E33252,USDC,PT-wsrUSD-31JUL2025,6,190.852962
ethereum,Withdraw,0xBBBBBbbBBb9cC5e90e3b3Af64bdAF62C37EEFFCb,22800446,2025-06-28 04:08:23,b27647e2cc76b39e44dbace6f6f6e3fe68a8b0636e01271fa40567fac1fd46f1,2aef5ce283651be3443a5ac461d2894978357facb3d92f9166d959c93f22e845,49,237,,0xc582F04d8a82795aa2Ff9c8bb4c1c889fe7b754e,0xc582F04d8a82795aa2Ff9c8bb4c1c889fe7b754e,0xc582F04d8a82795aa2Ff9c8bb4c1c889fe7b754e,32773772026,31361250798583735,0xe1b65304edd8ceaea9b629df4c3c926a37d1216e27900505c04f14b2ed279f33,0xA0b86991c6218b36c1d19D4a2e9Eb0cE3606eB48,0x4956b52aE2fF65D74CA2d61207523288e4528f96,USDC,RLP,6,32773.772026
ethereum,Withdraw,0xBBBBBbbBBb9cC5e90e3b3Af64bdAF62C37EEFFCb,22800446,2025-06-28 04:08:23,b27647e2cc76b39e44dbace6f6f6e3fe68a8b0636e01271fa40567fac1fd46f1,bc49c86fdf39550a344c942cd90576949d800b99b192fa954f2be8894c07e19a,67,336,,0xA8875aaeBc4f830524e35d57F9772FfAcbdD6C45,0xA8875aaeBc4f830524e35d57F9772FfAcbdD6C45,0xA8875aaeBc4f830524e35d57F9772FfAcbdD6C45,2771368,2771368000000,0x54efdee08e272e929034a8f26f7ca34b1ebe364b275391169b28c6d7db24dbc8,0xA0b86991c6218b36c1d19D4a2e9Eb0cE3606eB48,0x0000000000000000000000000000000000000000,USDC,,6,2.771368
ethereum,Withdraw,0xBBBBBbbBBb9cC5e90e3b3Af64bdAF62C37EEFFCb,22800460,2025-06-28 04:11:11,f21a9c71edb6c8267e9dc410b4d9f0cc6f64dac66d13450635865e4daed74fef,011ed720150b30ab371b9dc8a12d8bb8eec5e3d02c04162c65a40eb0d164f9f1,93,179,,0xc582F04d8a82795aa2Ff9c8bb4c1c889fe7b754e,0xc582F04d8a82795aa2Ff9c8bb4c1c889fe7b754e,0xc582F04d8a82795aa2Ff9c8bb4c1c889fe7b754e,1269424,1214712542273,0xe1b65304edd8ceaea9b629df4c3c926a37d1216e27900505c04f14b2ed279f33,0xA0b86991c6218b36c1d19D4a2e9Eb0cE3606eB48,0x4956b52aE2fF65D74CA2d61207523288e4528f96,USDC,RLP,6,1.269424
ethereum,Withdraw,0xBBBBBbbBBb9cC5e90e3b3Af64bdAF62C37EEFFCb,22800460,2025-06-28 04:11:11,f21a9c71edb6c8267e9dc410b4d9f0cc6f64dac66d13450635865e4daed74fef,011ed720150b30ab371b9dc8a12d8bb8eec5e3d02c04162c65a40eb0d164f9f1,93,189,,0x777791C4d6DC2CE140D00D2828a7C93503c67777,0x777791C4d6DC2CE140D00D2828a7C93503c67777,0x777791C4d6DC2CE140D00D2828a7C93503c67777,761654,761654000000,0x54efdee08e272e929034a8f26f7ca34b1ebe364b275391169b28c6d7db24dbc8,0xA0b86991c6218b36c1d19D4a2e9Eb0cE3606eB48,0x0000000000000000000000000000000000000000,USDC,,6,0.761654
ethereum,Withdraw,0xBBBBBbbBBb9cC5e90e3b3Af64bdAF62C37EEFFCb,22800468,2025-06-28 04:12:47,f109195e22721e34a2119b2d6f2d76f42786045403eb86ca848dca97dff0f769,ac447cbc8671582d235801ddb4fd718dce152a80d1e2346e1b3f9d37fd3f4aff,19,30,,0x8eB67A509616cd6A7c1B3c8C21D48FF57df3d458,0x8eB67A509616cd6A7c1B3c8C21D48FF57df3d458,0x8eB67A509616cd6A7c1B3c8C21D48FF57df3d458,9091354872,8982923668656789,0xfae6c3fca4d2fe61c62d29541e84a728b660a0dbc99217750c1080a8fc7d0e45,0xA0b86991c6218b36c1d19D4a2e9Eb0cE3606eB48,0x14Bdc3A3AE09f5518b923b69489CBcAfB238e617,USDC,PT-eUSDE-14AUG2025,6,9091.354872
ethereum,Withdraw,0xBBBBBbbBBb9cC5e90e3b3Af64bdAF62C37EEFFCb,22800532,2025-06-28 04:25:47,710fafc708c6e39d0475beb8ceab3d6a2dcf3778689ed6a823caa052c2e9749a,19fb885aab6231ef4cc819e024ccb15bb98e79e0b99af690faaa4ac324c1be36,127,220,,0xd63070114470f685b75B74D60EEc7c1113d33a3D,0xd63070114470f685b75B74D60EEc7c1113d33a3D,0xd63070114470f685b75B74D60EEc7c1113d33a3D,96785950,95617122646274,0xa3819a7d2aee958ca0e7404137d012b51ea47d051db69d94656956eff8c80c23,0xA0b86991c6218b36c1d19D4a2e9Eb0cE3606eB48,0xCcE7D12f683c6dAe700154f0BAdf779C0bA1F89A,USDC,PT-syrupUSDC-28AUG2025,6,96.78595
ethereum,Withdraw,0xBBBBBbbBBb9cC5e90e3b3Af64bdAF62C37EEFFCb,22800532,2025-06-28 04:25:47,710fafc708c6e39d0475beb8ceab3d6a2dcf3778689ed6a823caa052c2e9749a,19fb885aab6231ef4cc819e024ccb15bb98e79e0b99af690faaa4ac324c1be36,127,225,,0xd63070114470f685b75B74D60EEc7c1113d33a3D,0xd63070114470f685b75B74D60EEc7c1113d33a3D,0xd63070114470f685b75B74D60EEc7c1113d33a3D,395278823851,390254972920798272,0xbc552f0b14dd6f8e60b760a534ac1d8613d3539153b4d9675d697e048f2edc7e,0xA0b86991c6218b36c1d19D4a2e9Eb0cE3606eB48,0x3b3fB9C57858EF816833dC91565EFcd85D96f634,USDC,PT-sUSDE-31JUL2025,6,395278.823851
ethereum,Withdraw,0xBBBBBbbBBb9cC5e90e3b3Af64bdAF62C37EEFFCb,22800532,2025-06-28 04:25:47,710fafc708c6e39d0475beb8ceab3d6a2dcf3778689ed6a823caa052c2e9749a,19fb885aab6231ef4cc819e024ccb15bb98e79e0b99af690faaa4ac324c1be36,127,230,,0xd63070114470f685b75B74D60EEc7c1113d33a3D,0xd63070114470f685b75B74D60EEc7c1113d33a3D,0xd63070114470f685b75B74D60EEc7c1113d33a3D,302905065058,301945449566661274,0x8a71a66ac828c2b6d4f8accce5859aba0822b502f3833bec4aff09479affffdb,0xA0b86991c6218b36c1d19D4a2e9Eb0cE3606eB48,0xB10DA2F9147f9cf2B8826877Cd0c95c18A0f42dc,USDC,PT-cUSDO-20NOV2025,6,302905.065058
ethereum,Withdraw,0xBBBBBbbBBb9cC5e90e3b3Af64bdAF62C37EEFFCb,22800532,2025-06-28 04:25:47,710fafc708c6e39d0475beb8ceab3d6a2dcf3778689ed6a823caa052c2e9749a,19fb885aab6231ef4cc819e024ccb15bb98e79e0b99af690faaa4ac324c1be36,127,235,,0xd63070114470f685b75B74D60EEc7c1113d33a3D,0xd63070114470f685b75B74D60EEc7c1113d33a3D,0xd63070114470f685b75B74D60EEc7c1113d33a3D,274591884038,269496187048684291,0xbf6687cb042a09451e66ebc11d7716c49fb8ccc75f484f7fab0eed6624bd5838,0xA0b86991c6218b36c1d19D4a2e9Eb0cE3606eB48,0x030b69280892c888670EDCDCD8B69Fd8026A0BF3,USDC,mMEV,6,274591.884038
ethereum,Withdraw,0xBBBBBbbBBb9cC5e90e3b3Af64bdAF62C37EEFFCb,22800532,2025-06-28 04:25:47,710fafc708c6e39d0475beb8ceab3d6a2dcf3778689ed6a823caa052c2e9749a,19fb885aab6231ef4cc819e024ccb15bb98e79e0b99af690faaa4ac324c1be36,127,240,,0xd63070114470f685b75B74D60EEc7c1113d33a3D,0xd63070114470f685b75B74D60EEc7c1113d33a3D,0xd63070114470f685b75B74D60EEc7c1113d33a3D,226692298234,216674966671514200,0xa59b6c3c6d1df322195bfb48ddcdcca1a4c0890540e8ee75815765096c1e8971,0xA0b86991c6218b36c1d19D4a2e9Eb0cE3606eB48,0x1d08E7adC263CfC70b1BaBe6dC5Bb339c16Eec52,USDC,USD0USD0++,6,226692.298234
ethereum,Withdraw,0xBBBBBbbBBb9cC5e90e3b3Af64bdAF62C37EEFFCb,22800532,2025-06-28 04:25:47,710fafc708c6e39d0475beb8ceab3d6a2dcf3778689ed6a823caa052c2e9749a,19fb885aab6231ef4cc819e024ccb15bb98e79e0b99af690faaa4ac324c1be36,127,245,,0xd63070114470f685b75B74D60EEc7c1113d33a3D,0xd63070114470f685b75B74D60EEc7c1113d33a3D,0xd63070114470f685b75B74D60EEc7c1113d33a3D,135714134449,133228128527425183,0xbed987dd46049adb1ff34de8ef761a9da3b08890fa7fff629ea9b66d049de823,0xA0b86991c6218b36c1d19D4a2e9Eb0cE3606eB48,0xc8CF6D7991f15525488b2A83Df53468D682Ba4B0,USDC,sUSDf,6,135714.134449
ethereum,Withdraw,0xBBBBBbbBBb9cC5e90e3b3Af64bdAF62C37EEFFCb,22800532,2025-06-28 04:25:47,710fafc708c6e39d0475beb8ceab3d6a2dcf3778689ed6a823caa052c2e9749a,19fb885aab6231ef4cc819e024ccb15bb98e79e0b99af690faaa4ac324c1be36,127,248,,0xd63070114470f685b75B74D60EEc7c1113d33a3D,0xd63070114470f685b75B74D60EEc7c1113d33a3D,0xd63070114470f685b75B74D60EEc7c1113d33a3D,85152083745,85152083745000000,0x54efdee08e272e929034a8f26f7ca34b1ebe364b275391169b28c6d7db24dbc8,0xA0b86991c6218b36c1d19D4a2e9Eb0cE3606eB48,0x0000000000000000000000000000000000000000,USDC,,6,85152.083745
ethereum,Withdraw,0xBBBBBbbBBb9cC5e90e3b3Af64bdAF62C37EEFFCb,22800532,2025-06-28 04:25:47,710fafc708c6e39d0475beb8ceab3d6a2dcf3778689ed6a823caa052c2e9749a,19fb885aab6231ef4cc819e024ccb15bb98e79e0b99af690faaa4ac324c1be36,127,253,,0xd63070114470f685b75B74D60EEc7c1113d33a3D,0xd63070114470f685b75B74D60EEc7c1113d33a3D,0xd63070114470f685b75B74D60EEc7c1113d33a3D,32413796343,32108341637116794,0x60154d71ec96b7aee2864326662cb731172f1ebd6ca0e64af9bc8659831ed0ff,0xA0b86991c6218b36c1d19D4a2e9Eb0cE3606eB48,0x19Ebd191f7A24ECE672ba13A302212b5eF7F35cb,USDC,yUSD,6,32413.796343
ethereum,Withdraw,0xBBBBBbbBBb9cC5e90e3b3Af64bdAF62C37EEFFCb,22800532,2025-06-28 04:25:47,710fafc708c6e39d0475beb8ceab3d6a2dcf3778689ed6a823caa052c2e9749a,19fb885aab6231ef4cc819e024ccb15bb98e79e0b99af690faaa4ac324c1be36,127,258,,0xd63070114470f685b75B74D60EEc7c1113d33a3D,0xd63070114470f685b75B74D60EEc7c1113d33a3D,0xd63070114470f685b75B74D60EEc7c1113d33a3D,8108461703,8034041748715897,0x4005ba6eb7d2221fe58102bd320aa6d83c47b212771bc950ab71c5074d9ab0ec,0xA0b86991c6218b36c1d19D4a2e9Eb0cE3606eB48,0x2CA5f2C4300450D53214B00546795c1c07B89acB,USDC,PT-slvlUSD-25SEP2025,6,8108.461703
ethereum,Withdraw,0xBBBBBbbBBb9cC5e90e3b3Af64bdAF62C37EEFFCb,22800555,2025-06-28 04:30:23,5ed22b6c15ee4e28a964fa6cbbee630586aff3dd7a511f3602c020b63cb9d4bf,acd37fa88679f615bec5bc1489649121a5b9a7b0df774b66d1dc6d71404712ff,99,229,,0x9a8bC3B04b7f3D87cfC09ba407dCED575f2d61D8,0x9a8bC3B04b7f3D87cfC09ba407dCED575f2d61D8,0x9a8bC3B04b7f3D87cfC09ba407dCED575f2d61D8,844998607372706911649,823370401575010887020212600,0x5f8a138ba332398a9116910f4d5e5dcd9b207024c5290ce5bc87bc2dbd8e4a86,0xC02aaA39b223FE8D0A0e5C4F27eAD9083C756Cc2,0xE72B141DF173b999AE7c1aDcbF60Cc9833Ce56a8,WETH,ETH+,18,844.9986073727069
ethereum,Withdraw,0xBBBBBbbBBb9cC5e90e3b3Af64bdAF62C37EEFFCb,22800555,2025-06-28 04:30:23,5ed22b6c15ee4e28a964fa6cbbee630586aff3dd7a511f3602c020b63cb9d4bf,acd37fa88679f615bec5bc1489649121a5b9a7b0df774b66d1dc6d71404712ff,99,234,,0x9a8bC3B04b7f3D87cfC09ba407dCED575f2d61D8,0x9a8bC3B04b7f3D87cfC09ba407dCED575f2d61D8,0x9a8bC3B04b7f3D87cfC09ba407dCED575f2d61D8,14132029143010461318,13866104024237604067830574,0xb7ad412532006bf876534ccae59900ddd9d1d1e394959065cb39b12b22f94ff5,0xC02aaA39b223FE8D0A0e5C4F27eAD9083C756Cc2,0xe1B4d34E8754600962Cd944B535180Bd758E6c2e,WETH,agETH,18,14.132029143010461
ethereum,Withdraw,0xBBBBBbbBBb9cC5e90e3b3Af64bdAF62C37EEFFCb,22800555,2025-06-28 04:30:23,5ed22b6c15ee4e28a964fa6cbbee630586aff3dd7a511f3602c020b63cb9d4bf,acd37fa88679f615bec5bc1489649121a5b9a7b0df774b66d1dc6d71404712ff,99,239,,0x9a8bC3B04b7f3D87cfC09ba407dCED575f2d61D8,0x9a8bC3B04b7f3D87cfC09ba407dCED575f2d61D8,0x9a8bC3B04b7f3D87cfC09ba407dCED575f2d61D8,6125033966901077070,6117910497808009664700473,0x8aa8614fca17b7efd787e3677bab78fce4a4928866375e86275001515b1f8114,0xC02aaA39b223FE8D0A0e5C4F27eAD9083C756Cc2,0x734eec7930bc84eC5732022B9EB949A81fB89AbE,WETH,ETH0,18,6.125033966901077
ethereum,Withdraw,0xBBBBBbbBBb9cC5e90e3b3Af64bdAF62C37EEFFCb,22800570,2025-06-28 04:33:23,60c7dd10bbc425c65a12c8953bb2420f2541170e5c07e01274e166a4304d1760,f3107ce417bce5300dfa63531f18182be3e236523bea2b794a8f2fc7228a9485,99,216,,0xBEeFFF209270748ddd194831b3fa287a5386f5bC,0xBEeFFF209270748ddd194831b3fa287a5386f5bC,0xBEeFFF209270748ddd194831b3fa287a5386f5bC,187424376507,185704040809192355,0x4005ba6eb7d2221fe58102bd320aa6d83c47b212771bc950ab71c5074d9ab0ec,0xA0b86991c6218b36c1d19D4a2e9Eb0cE3606eB48,0x2CA5f2C4300450D53214B00546795c1c07B89acB,USDC,PT-slvlUSD-25SEP2025,6,187424.376507
ethereum,Withdraw,0xBBBBBbbBBb9cC5e90e3b3Af64bdAF62C37EEFFCb,22800570,2025-06-28 04:33:23,60c7dd10bbc425c65a12c8953bb2420f2541170e5c07e01274e166a4304d1760,f3107ce417bce5300dfa63531f18182be3e236523bea2b794a8f2fc7228a9485,99,221,,0xBEeFFF209270748ddd194831b3fa287a5386f5bC,0xBEeFFF209270748ddd194831b3fa287a5386f5bC,0xBEeFFF209270748ddd194831b3fa287a5386f5bC,68979529869,66985058371458906,0xbfed072faee09b963949defcdb91094465c34c6c62d798b906274ef3563c9cac,0xA0b86991c6218b36c1d19D4a2e9Eb0cE3606eB48,0x738d1115B90efa71AE468F1287fc864775e23a31,USDC,srUSD,6,68979.529869
ethereum,Withdraw,0xBBBBBbbBBb9cC5e90e3b3Af64bdAF62C37EEFFCb,22800570,2025-06-28 04:33:23,60c7dd10bbc425c65a12c8953bb2420f2541170e5c07e01274e166a4304d1760,f3107ce417bce5300dfa63531f18182be3e236523bea2b794a8f2fc7228a9485,99,226,,0xBEeFFF209270748ddd194831b3fa287a5386f5bC,0xBEeFFF209270748ddd194831b3fa287a5386f5bC,0xBEeFFF209270748ddd194831b3fa287a5386f5bC,53519005195,52763625600924911,0x8b1bc4d682b04a16309a8adf77b35de0c42063a7944016cfc37a79ccac0007b6,0xA0b86991c6218b36c1d19D4a2e9Eb0cE3606eB48,0x4737D9b4592B40d51e110b94c9C043c6654067Ae,USDC,slvlUSD,6,53519.005195
ethereum,Withdraw,0xBBBBBbbBBb9cC5e90e3b3Af64bdAF62C37EEFFCb,22800570,2025-06-28 04:33:23,60c7dd10bbc425c65a12c8953bb2420f2541170e5c07e01274e166a4304d1760,f3107ce417bce5300dfa63531f18182be3e236523bea2b794a8f2fc7228a9485,99,231,,0xBEeFFF209270748ddd194831b3fa287a5386f5bC,0xBEeFFF209270748ddd194831b3fa287a5386f5bC,0xBEeFFF209270748ddd194831b3fa287a5386f5bC,53228187863,52008533143027459,0x0f9563442d64ab3bd3bcb27058db0b0d4046a4c46f0acd811dacae9551d2b129,0xA0b86991c6218b36c1d19D4a2e9Eb0cE3606eB48,0x5C5b196aBE0d54485975D1Ec29617D42D9198326,USDC,sdeUSD,6,53228.187863
ethereum,Withdraw,0xBBBBBbbBBb9cC5e90e3b3Af64bdAF62C37EEFFCb,22800570,2025-06-28 04:33:23,60c7dd10bbc425c65a12c8953bb2420f2541170e5c07e01274e166a4304d1760,f3107ce417bce5300dfa63531f18182be3e236523bea2b794a8f2fc7228a9485,99,236,,0xBEeFFF209270748ddd194831b3fa287a5386f5bC,0xBEeFFF209270748ddd194831b3fa287a5386f5bC,0xBEeFFF209270748ddd194831b3fa287a5386f5bC,19354821711,18553905525476193,0x5f5bfaa51137098abc90b249c93b6051987877ada76135bb3dd7502b10d184a3,0xA0b86991c6218b36c1d19D4a2e9Eb0cE3606eB48,0x7C1156E515aA1A2E851674120074968C905aAF37,USDC,lvlUSD,6,19354.821711
ethereum,Withdraw,0xBBBBBbbBBb9cC5e90e3b3Af64bdAF62C37EEFFCb,22800570,2025-06-28 04:33:23,60c7dd10bbc425c65a12c8953bb2420f2541170e5c07e01274e166a4304d1760,f3107ce417bce5300dfa63531f18182be3e236523bea2b794a8f2fc7228a9485,99,241,,0xBEeFFF209270748ddd194831b3fa287a5386f5bC,0xBEeFFF209270748ddd194831b3fa287a5386f5bC,0xBEeFFF209270748ddd194831b3fa287a5386f5bC,13745959261,13562970963900314,0x10b401f4254a7039b7168c5a614c81ea8be698186cfb33aa56ac2adbcf0e88f9,0xA0b86991c6218b36c1d19D4a2e9Eb0cE3606eB48,0xf736acF34FF7Cd9B3565b73a1f15E652859bF322,USDC,PT-RUSD-31JUL2025,6,13745.959261
ethereum,Withdraw,0xBBBBBbbBBb9cC5e90e3b3Af64bdAF62C37EEFFCb,22800570,2025-06-28 04:33:23,60c7dd10bbc425c65a12c8953bb2420f2541170e5c07e01274e166a4304d1760,f3107ce417bce5300dfa63531f18182be3e236523bea2b794a8f2fc7228a9485,99,246,,0xBEeFFF209270748ddd194831b3fa287a5386f5bC,0xBEeFFF209270748ddd194831b3fa287a5386f5bC,0xBEeFFF209270748ddd194831b3fa287a5386f5bC,8035106660,7957759904063580,0xe61a903174169e4897669e9bc4419eb7582b36d1a3d3df633dccab88da6e2ccd,0xA0b86991c6218b36c1d19D4a2e9Eb0cE3606eB48,0x207F7205fd6c4b602Fa792C8b2B60e6006D4a0b8,USDC,PT-lvlUSD-25SEP2025,6,8035.10666
ethereum,Withdraw,0xBBBBBbbBBb9cC5e90e3b3Af64bdAF62C37EEFFCb,22800570,2025-06-28 04:33:23,60c7dd10bbc425c65a12c8953bb2420f2541170e5c07e01274e166a4304d1760,f3107ce417bce5300dfa63531f18182be3e236523bea2b794a8f2fc7228a9485,99,251,,0xBEeFFF209270748ddd194831b3fa287a5386f5bC,0xBEeFFF209270748ddd194831b3fa287a5386f5bC,0xBEeFFF209270748ddd194831b3fa287a5386f5bC,7588071375,7491623659117084,0xbc552f0b14dd6f8e60b760a534ac1d8613d3539153b4d9675d697e048f2edc7e,0xA0b86991c6218b36c1d19D4a2e9Eb0cE3606eB48,0x3b3fB9C57858EF816833dC91565EFcd85D96f634,USDC,PT-sUSDE-31JUL2025,6,7588.071375
ethereum,Withdraw,0xBBBBBbbBBb9cC5e90e3b3Af64bdAF62C37EEFFCb,22800570,2025-06-28 04:33:23,60c7dd10bbc425c65a12c8953bb2420f2541170e5c07e01274e166a4304d1760,f3107ce417bce5300dfa63531f18182be3e236523bea2b794a8f2fc7228a9485,99,256,,0xBEeFFF209270748ddd194831b3fa287a5386f5bC,0xBEeFFF209270748ddd194831b3fa287a5386f5bC,0xBEeFFF209270748ddd194831b3fa287a5386f5bC,165757449,159847606140195,0x8e7cc042d739a365c43d0a52d5f24160fa7ae9b7e7c9a479bd02a56041d4cf77,0xA0b86991c6218b36c1d19D4a2e9Eb0cE3606eB48,0x66a1E37c9b0eAddca17d3662D6c05F4DECf3e110,USDC,USR,6,165.757449
ethereum,Withdraw,0xBBBBBbbBBb9cC5e90e3b3Af64bdAF62C37EEFFCb,22800573,2025-06-28 04:33:59,e13d806ca0be79639c11947777af6b8c687d8958b0a318226915a472b7af322c,0242fabfaa73d6d0460fb08bfa775426c7646659a63edde59489a23c899b026e,38,159,,0xbEEF36A5C1372F8D7d211527FCE9f83FE02d8A73,0xbEEF36A5C1372F8D7d211527FCE9f83FE02d8A73,0xbEEF36A5C1372F8D7d211527FCE9f83FE02d8A73,48675808147194920651,47185240515952102485781499,0xa0534c78620867b7c8706e3b6df9e69a2bc67c783281b7a77e034ed75cee012e,0xC02aaA39b223FE8D0A0e5C4F27eAD9083C756Cc2,0xbf5495Efe5DB9ce00f80364C8B423567e58d2110,WETH,ezETH,18,48.67580814719492
ethereum,Withdraw,0xBBBBBbbBBb9cC5e90e3b3Af64bdAF62C37EEFFCb,22800574,2025-06-28 04:34:11,3271d2febb98559505e550fff38fa537fb4082797f83d2ec15222e6a24f42989,ea88fa358f274d545840aba66f336bd95a2f0d91f4f1aa72625e4ea8a44fa632,57,243,,0xBeEFB45B6F9acB175e70acF16dC20D6120044c70,0xBeEFB45B6F9acB175e70acF16dC20D6120044c70,0xBeEFB45B6F9acB175e70acF16dC20D6120044c70,6783700339878143040,6549248536531506112396792,0x138eec0e4a1937eb92ebc70043ed539661dd7ed5a89fb92a720b341650288a40,0xC02aaA39b223FE8D0A0e5C4F27eAD9083C756Cc2,0x2260FAC5E5542a773Aa44fBCfeDf7C193bc2C599,WETH,WBTC,18,6.783700339878143
ethereum,Withdraw,0xBBBBBbbBBb9cC5e90e3b3Af64bdAF62C37EEFFCb,22800609,2025-06-28 04:41:11,8ba701aa8e45401ecb9811c73f22b5f807e33f0f72a003e792f01453165d9499,4664e700cac92af7b92d90ea87aba82295df94bb5e78e70f26964fb123317da3,47,107,,0xE89371eAaAC6D46d4C3ED23453241987916224FC,0xE89371eAaAC6D46d4C3ED23453241987916224FC,0xE89371eAaAC6D46d4C3ED23453241987916224FC,655857252459485382,639069698247684656692565,0x5f8a138ba332398a9116910f4d5e5dcd9b207024c5290ce5bc87bc2dbd8e4a86,0xC02aaA39b223FE8D0A0e5C4F27eAD9083C756Cc2,0xE72B141DF173b999AE7c1aDcbF60Cc9833Ce56a8,WETH,ETH+,18,0.6558572524594853
ethereum,Withdraw,0xBBBBBbbBBb9cC5e90e3b3Af64bdAF62C37EEFFCb,22800627,2025-06-28 04:44:47,28daf10291eba86866c62b896c298902fca4ea7527b38c526dbbd20c7b42caa3,ea9ddfac47c71787adae72c8d7e1743d845047fe7a348b46e2efe8f3cae9c9ed,16,145,,0xc582F04d8a82795aa2Ff9c8bb4c1c889fe7b754e,0xc582F04d8a82795aa2Ff9c8bb4c1c889fe7b754e,0xc582F04d8a82795aa2Ff9c8bb4c1c889fe7b754e,118755615,113636889168935,0xe1b65304edd8ceaea9b629df4c3c926a37d1216e27900505c04f14b2ed279f33,0xA0b86991c6218b36c1d19D4a2e9Eb0cE3606eB48,0x4956b52aE2fF65D74CA2d61207523288e4528f96,USDC,RLP,6,118.755615
ethereum,Withdraw,0xBBBBBbbBBb9cC5e90e3b3Af64bdAF62C37EEFFCb,22800627,2025-06-28 04:44:47,28daf10291eba86866c62b896c298902fca4ea7527b38c526dbbd20c7b42caa3,ea9ddfac47c71787adae72c8d7e1743d845047fe7a348b46e2efe8f3cae9c9ed,16,155,,0x777791C4d6DC2CE140D00D2828a7C93503c67777,0x777791C4d6DC2CE140D00D2828a7C93503c67777,0x777791C4d6DC2CE140D00D2828a7C93503c67777,71253369,71253369000000,0x54efdee08e272e929034a8f26f7ca34b1ebe364b275391169b28c6d7db24dbc8,0xA0b86991c6218b36c1d19D4a2e9Eb0cE3606eB48,0x0000000000000000000000000000000000000000,USDC,,6,71.253369
ethereum,Withdraw,0xBBBBBbbBBb9cC5e90e3b3Af64bdAF62C37EEFFCb,22800651,2025-06-28 04:49:35,df63bebaf777c84359fddcb422fa37f063b950667bb04559980ce5c5b264acce,005827cb59e40a7c2ca4eb1f1885eac4c7090dcfdaf31117966939b669f31ed7,109,1197,,0x68Aea7b82Df6CcdF76235D46445Ed83f85F845A3,0x68Aea7b82Df6CcdF76235D46445Ed83f85F845A3,0x68Aea7b82Df6CcdF76235D46445Ed83f85F845A3,201009540578,201009540578000000,0x54efdee08e272e929034a8f26f7ca34b1ebe364b275391169b28c6d7db24dbc8,0xA0b86991c6218b36c1d19D4a2e9Eb0cE3606eB48,0x0000000000000000000000000000000000000000,USDC,,6,201009.540578
ethereum,Withdraw,0xBBBBBbbBBb9cC5e90e3b3Af64bdAF62C37EEFFCb,22800670,2025-06-28 04:53:35,3ad808a0d1e8666399f9daede13d4c940feb55318b9b699eec3d46853d70ebca,18cb1bbefe514f502f734cbee83a7629c67c8e2da6a3f3fbd8ce3147e51a3f5d,0,8,,0x95EeF579155cd2C5510F312c8fA39208c3Be01a8,0x95EeF579155cd2C5510F312c8fA39208c3Be01a8,0x95EeF579155cd2C5510F312c8fA39208c3Be01a8,1000444482,882719847068539,0xdc5333039bcf15f1237133f74d5806675d83d9cf19cfd4cfdd9be674842651bf,0xdAC17F958D2ee523a2206206994597C13D831ec7,0x9D39A5DE30e57443BfF2A8307A4256c8797A3497,USDT,sUSDe,6,1000.444482
ethereum,Withdraw,0xBBBBBbbBBb9cC5e90e3b3Af64bdAF62C37EEFFCb,22800680,2025-06-28 04:55:35,dfc5faa45f44d6bf3078d63dcc01c6af6ef059d0ac04535632c1349e4864822b,0c3ec8da785f38dededcc5b18d3a2ce99a42445a72ab6127d77642837f8d1841,115,274,,0x4881Ef0BF6d2365D3dd6499ccd7532bcdBCE0658,0x4881Ef0BF6d2365D3dd6499ccd7532bcdBCE0658,0x4881Ef0BF6d2365D3dd6499ccd7532bcdBCE0658,371575337396081940073,362410633569600829791056848,0xb8fc70e82bc5bb53e773626fcc6a23f7eefa036918d7ef216ecfb1950a94a85e,0xC02aaA39b223FE8D0A0e5C4F27eAD9083C756Cc2,0x7f39C581F595B53c5cb19bD0b3f8dA6c935E2Ca0,WETH,wstETH,18,371.5753373960819
ethereum,Withdraw,0xBBBBBbbBBb9cC5e90e3b3Af64bdAF62C37EEFFCb,22800714,2025-06-28 05:02:23,21658dafdaf305592ecf0ebd7ba00d608e2041e65febccf8f305ce83c6ec6824,02650d64358ef1491787468bd6d8f7fcca30e7ec359a723c708ca5f19e283f8d,64,53,,0xBEeFFF209270748ddd194831b3fa287a5386f5bC,0xBEeFFF209270748ddd194831b3fa287a5386f5bC,0xBEeFFF209270748ddd194831b3fa287a5386f5bC,95262,89262327892,0x718af3af39b183758849486340b69466e3e89b84b7884188323416621ee91cb7,0xA0b86991c6218b36c1d19D4a2e9Eb0cE3606eB48,0x1f9840a85d5aF5bf1D1762F925BDADdC4201F984,USDC,UNI,6,0.095262
ethereum,Withdraw,0xBBBBBbbBBb9cC5e90e3b3Af64bdAF62C37EEFFCb,22800714,2025-06-28 05:02:23,21658dafdaf305592ecf0ebd7ba00d608e2041e65febccf8f305ce83c6ec6824,02650d64358ef1491787468bd6d8f7fcca30e7ec359a723c708ca5f19e283f8d,64,65,,0x214B47C50057eFaa7adc1B1C2608C3751Cd77D78,0x214B47C50057eFaa7adc1B1C2608C3751Cd77D78,0x214B47C50057eFaa7adc1B1C2608C3751Cd77D78,17530,17309958763,0xe161f2204b2d5a356a91c324e1a77d791da217fdec6b52a84b5b9e0b56516413,0xA0b86991c6218b36c1d19D4a2e9Eb0cE3606eB48,0x5a5b93F762739fa94F3EcC0b34Af2e56702E7f70,USDC,PT-USR-4SEP2025,6,0.01753
ethereum,Withdraw,0xBBBBBbbBBb9cC5e90e3b3Af64bdAF62C37EEFFCb,22800715,2025-06-28 05:02:35,fcb26dea9933603a43f824d188d8163cdfb7dd2462495744fc5c603431ff8253,a8402e8844fb3b85d08e8d968630d8de5346afee6033b6f1fa924cccb41da2b1,59,286,,0xA8875aaeBc4f830524e35d57F9772FfAcbdD6C45,0xA8875aaeBc4f830524e35d57F9772FfAcbdD6C45,0xA8875aaeBc4f830524e35d57F9772FfAcbdD6C45,124274,124274000000,0x54efdee08e272e929034a8f26f7ca34b1ebe364b275391169b28c6d7db24dbc8,0xA0b86991c6218b36c1d19D4a2e9Eb0cE3606eB48,0x0000000000000000000000000000000000000000,USDC,,6,0.124274
ethereum,Withdraw,0xBBBBBbbBBb9cC5e90e3b3Af64bdAF62C37EEFFCb,22800752,2025-06-28 05:09:59,7d431428b50075b66a21bdabc61b78bb61a828b430199cb3db19fe6a537fff77,34714cccf4966c9bf8b424992180a396391d42dff5cbd6870b0dace304850875,12,40,,0xc582F04d8a82795aa2Ff9c8bb4c1c889fe7b754e,0xc582F04d8a82795aa2Ff9c8bb4c1c889fe7b754e,0xc582F04d8a82795aa2Ff9c8bb4c1c889fe7b754e,12269651,11740759099373,0xe1b65304edd8ceaea9b629df4c3c926a37d1216e27900505c04f14b2ed279f33,0xA0b86991c6218b36c1d19D4a2e9Eb0cE3606eB48,0x4956b52aE2fF65D74CA2d61207523288e4528f96,USDC,RLP,6,12.269651
ethereum,Withdraw,0xBBBBBbbBBb9cC5e90e3b3Af64bdAF62C37EEFFCb,22800752,2025-06-28 05:09:59,7d431428b50075b66a21bdabc61b78bb61a828b430199cb3db19fe6a537fff77,34714cccf4966c9bf8b424992180a396391d42dff5cbd6870b0dace304850875,12,50,,0x777791C4d6DC2CE140D00D2828a7C93503c67777,0x777791C4d6DC2CE140D00D2828a7C93503c67777,0x777791C4d6DC2CE140D00D2828a7C93503c67777,7361790,7361790000000,0x54efdee08e272e929034a8f26f7ca34b1ebe364b275391169b28c6d7db24dbc8,0xA0b86991c6218b36c1d19D4a2e9Eb0cE3606eB48,0x0000000000000000000000000000000000000000,USDC,,6,7.36179
ethereum,Withdraw,0xBBBBBbbBBb9cC5e90e3b3Af64bdAF62C37EEFFCb,22800768,2025-06-28 05:13:11,937b9204d1b3517991e61d8be59253fe56b3a441ffff8344f2b7eee4abcfcfe8,fff388aac38e0e3b3bd05634b6fdb3032e2faa00b692740e38d2125e22e3ba62,218,543,,0x73e65DBD630f90604062f6E02fAb9138e713edD9,0x73e65DBD630f90604062f6E02fAb9138e713edD9,0x73e65DBD630f90604062f6E02fAb9138e713edD9,1228613720128696871425359,1222868824953120594306366388545,0xa458018cf1a6e77ebbcc40ba5776ac7990e523b7cc5d0c1e740a4bbc13190d8f,0x6B175474E89094C44Da98b954EedeAC495271d0F,0xFfEc096c087C13Cc268497B89A613cACE4DF9A48,DAI,PT-USDS-14AUG2025,18,1228613.7201286969
ethereum,Withdraw,0xBBBBBbbBBb9cC5e90e3b3Af64bdAF62C37EEFFCb,22800775,2025-06-28 05:14:35,2568344f6105cd173ac2b8bf1f7ca953f831759bfedda39dee81b9268a863658,2c1ce244331db46c72f71b5f94070bffff58d1283417a7b0bd579df0ef4bb060,74,179,,0x755C29BB7FC850A0D26BED32BD625A775f611032,0x9Bc8Ff070cE2E74B9F45FD08eBA0BaE4A9938d7b,0x9Bc8Ff070cE2E74B9F45FD08eBA0BaE4A9938d7b,1170735555034,1071997786428858513,0xb323495f7e4148be5643a4ea4a8221eef163e4bccfdedc2a6f4696baacbc86cc,0xA0b86991c6218b36c1d19D4a2e9Eb0cE3606eB48,0x7f39C581F595B53c5cb19bD0b3f8dA6c935E2Ca0,USDC,wstETH,6,1170735.555034
ethereum,Withdraw,0xBBBBBbbBBb9cC5e90e3b3Af64bdAF62C37EEFFCb,22800797,2025-06-28 05:18:59,b6af7de40290815c319b1527b6ef17d8d21b4767731c6f2b5a3ff6086e933676,cf239a44a3c854320bffa9d74f7a8999cfdc694ee8b9457d94b4b0ec228b1410,54,189,,0x214B47C50057eFaa7adc1B1C2608C3751Cd77D78,0x214B47C50057eFaa7adc1B1C2608C3751Cd77D78,0x214B47C50057eFaa7adc1B1C2608C3751Cd77D78,118203,113988082705,0x8e7cc042d739a365c43d0a52d5f24160fa7ae9b7e7c9a479bd02a56041d4cf77,0xA0b86991c6218b36c1d19D4a2e9Eb0cE3606eB48,0x66a1E37c9b0eAddca17d3662D6c05F4DECf3e110,USDC,USR,6,0.118203
ethereum,Withdraw,0xBBBBBbbBBb9cC5e90e3b3Af64bdAF62C37EEFFCb,22800797,2025-06-28 05:18:59,b6af7de40290815c319b1527b6ef17d8d21b4767731c6f2b5a3ff6086e933676,cf239a44a3c854320bffa9d74f7a8999cfdc694ee8b9457d94b4b0ec228b1410,54,193,,0x214B47C50057eFaa7adc1B1C2608C3751Cd77D78,0x214B47C50057eFaa7adc1B1C2608C3751Cd77D78,0x214B47C50057eFaa7adc1B1C2608C3751Cd77D78,299999881797,287067889749599958,0xe1b65304edd8ceaea9b629df4c3c926a37d1216e27900505c04f14b2ed279f33,0xA0b86991c6218b36c1d19D4a2e9Eb0cE3606eB48,0x4956b52aE2fF65D74CA2d61207523288e4528f96,USDC,RLP,6,299999.881797
ethereum,Withdraw,0xBBBBBbbBBb9cC5e90e3b3Af64bdAF62C37EEFFCb,22800797,2025-06-28 05:18:59,b6af7de40290815c319b1527b6ef17d8d21b4767731c6f2b5a3ff6086e933676,cf239a44a3c854320bffa9d74f7a8999cfdc694ee8b9457d94b4b0ec228b1410,54,202,,0x0F359FD18BDa75e9c49bC027E7da59a4b01BF32a,0x0F359FD18BDa75e9c49bC027E7da59a4b01BF32a,0x0F359FD18BDa75e9c49bC027E7da59a4b01BF32a,4798,4598791579,0x64d65c9a2d91c36d56fbc42d69e979335320169b3df63bf92789e2c8883fcc64,0xA0b86991c6218b36c1d19D4a2e9Eb0cE3606eB48,0xcbB7C0000aB88B473b1f5aFd9ef808440eed33Bf,USDC,cbBTC,6,0.004798
ethereum,Withdraw,0xBBBBBbbBBb9cC5e90e3b3Af64bdAF62C37EEFFCb,22800797,2025-06-28 05:18:59,b6af7de40290815c319b1527b6ef17d8d21b4767731c6f2b5a3ff6086e933676,cf239a44a3c854320bffa9d74f7a8999cfdc694ee8b9457d94b4b0ec228b1410,54,208,,0x0F359FD18BDa75e9c49bC027E7da59a4b01BF32a,0x0F359FD18BDa75e9c49bC027E7da59a4b01BF32a,0x0F359FD18BDa75e9c49bC027E7da59a4b01BF32a,11104039238,11104039238000000,0x54efdee08e272e929034a8f26f7ca34b1ebe364b275391169b28c6d7db24dbc8,0xA0b86991c6218b36c1d19D4a2e9Eb0cE3606eB48,0x0000000000000000000000000000000000000000,USDC,,6,11104.039238
ethereum,Withdraw,0xBBBBBbbBBb9cC5e90e3b3Af64bdAF62C37EEFFCb,22800797,2025-06-28 05:18:59,b6af7de40290815c319b1527b6ef17d8d21b4767731c6f2b5a3ff6086e933676,cf239a44a3c854320bffa9d74f7a8999cfdc694ee8b9457d94b4b0ec228b1410,54,212,,0x0F359FD18BDa75e9c49bC027E7da59a4b01BF32a,0x0F359FD18BDa75e9c49bC027E7da59a4b01BF32a,0x0F359FD18BDa75e9c49bC027E7da59a4b01BF32a,100003333227,94947604079828107,0xd925961ad5df1d12f677ff14cf20bac37ea5ef3b325d64d5a9f4c0cc013a1d47,0xA0b86991c6218b36c1d19D4a2e9Eb0cE3606eB48,0x0022228a2cc5E7eF0274A7Baa600d44da5aB5776,USDC,stUSD,6,100003.333227
ethereum,Withdraw,0xBBBBBbbBBb9cC5e90e3b3Af64bdAF62C37EEFFCb,22800797,2025-06-28 05:18:59,b6af7de40290815c319b1527b6ef17d8d21b4767731c6f2b5a3ff6086e933676,cf239a44a3c854320bffa9d74f7a8999cfdc694ee8b9457d94b4b0ec228b1410,54,220,,0x0F359FD18BDa75e9c49bC027E7da59a4b01BF32a,0x0F359FD18BDa75e9c49bC027E7da59a4b01BF32a,0x0F359FD18BDa75e9c49bC027E7da59a4b01BF32a,28724465559,27486624708924422,0x85c7f4374f3a403b36d54cc284983b2b02bbd8581ee0f3c36494447b87d9fcab,0xA0b86991c6218b36c1d19D4a2e9Eb0cE3606eB48,0x9D39A5DE30e57443BfF2A8307A4256c8797A3497,USDC,sUSDe,6,28724.465559
ethereum,Withdraw,0xBBBBBbbBBb9cC5e90e3b3Af64bdAF62C37EEFFCb,22800797,2025-06-28 05:18:59,b6af7de40290815c319b1527b6ef17d8d21b4767731c6f2b5a3ff6086e933676,cf239a44a3c854320bffa9d74f7a8999cfdc694ee8b9457d94b4b0ec228b1410,54,226,,0x0F359FD18BDa75e9c49bC027E7da59a4b01BF32a,0x0F359FD18BDa75e9c49bC027E7da59a4b01BF32a,0x0F359FD18BDa75e9c49bC027E7da59a4b01BF32a,98813664796,93963482735941716,0x61765602144e91e5ac9f9e98b8584eae308f9951596fd7f5e0f59f21cd2bf664,0xA0b86991c6218b36c1d19D4a2e9Eb0cE3606eB48,0xCd5fE23C85820F7B72D0926FC9b05b43E359b7ee,USDC,weETH,6,98813.664796
ethereum,Withdraw,0xBBBBBbbBBb9cC5e90e3b3Af64bdAF62C37EEFFCb,22800797,2025-06-28 05:18:59,b6af7de40290815c319b1527b6ef17d8d21b4767731c6f2b5a3ff6086e933676,cf239a44a3c854320bffa9d74f7a8999cfdc694ee8b9457d94b4b0ec228b1410,54,228,,0x0F359FD18BDa75e9c49bC027E7da59a4b01BF32a,0x0F359FD18BDa75e9c49bC027E7da59a4b01BF32a,0x0F359FD18BDa75e9c49bC027E7da59a4b01BF32a,36376378495,35079258905154516,0x8e7cc042d739a365c43d0a52d5f24160fa7ae9b7e7c9a479bd02a56041d4cf77,0xA0b86991c6218b36c1d19D4a2e9Eb0cE3606eB48,0x66a1E37c9b0eAddca17d3662D6c05F4DECf3e110,USDC,USR,6,36376.378495
ethereum,Withdraw,0xBBBBBbbBBb9cC5e90e3b3Af64bdAF62C37EEFFCb,22800797,2025-06-28 05:18:59,b6af7de40290815c319b1527b6ef17d8d21b4767731c6f2b5a3ff6086e933676,cf239a44a3c854320bffa9d74f7a8999cfdc694ee8b9457d94b4b0ec228b1410,54,230,,0x0F359FD18BDa75e9c49bC027E7da59a4b01BF32a,0x0F359FD18BDa75e9c49bC027E7da59a4b01BF32a,0x0F359FD18BDa75e9c49bC027E7da59a4b01BF32a,24978113887,23901390895607919,0xe1b65304edd8ceaea9b629df4c3c926a37d1216e27900505c04f14b2ed279f33,0xA0b86991c6218b36c1d19D4a2e9Eb0cE3606eB48,0x4956b52aE2fF65D74CA2d61207523288e4528f96,USDC,RLP,6,24978.113887
ethereum,Withdraw,0xBBBBBbbBBb9cC5e90e3b3Af64bdAF62C37EEFFCb,22800802,2025-06-28 05:19:59,ec6b2d69b7fc4a21d289e5099ac5b62e38945be3f46fc4e0ea14fcfce9764e73,3f58c5a94e9264e24530e215297c1f41e3779fdf62d6a1b125468e8d0b5bcadf,53,225,,0xF587f2e8AfF7D76618d3B6B4626621860FbD54e3,0xF587f2e8AfF7D76618d3B6B4626621860FbD54e3,0xF587f2e8AfF7D76618d3B6B4626621860FbD54e3,196384779,194463238500310,0x444bbce85350aae535b037d090c8bdf6cc4cfc6d79e17725413b4cb0f6183ad4,0xcbB7C0000aB88B473b1f5aFd9ef808440eed33Bf,0x8236a87084f8B84306f72007F36F2618A5634494,cbBTC,LBTC,8,1.96384779
ethereum,Withdraw,0xBBBBBbbBBb9cC5e90e3b3Af64bdAF62C37EEFFCb,22800819,2025-06-28 05:23:23,99fb7ae0dd230582b297a7f1b6479bc836c4ba4f108133b250e0755ed2ef43ee,ece27537184a8c7ca5331ce97d51b1748d86daf1f46b785871871757975bc441,33,124,,0x1E2aAaDcF528b9cC08F43d4fd7db488cE89F5741,0x1E2aAaDcF528b9cC08F43d4fd7db488cE89F5741,0x1E2aAaDcF528b9cC08F43d4fd7db488cE89F5741,984949980086,972993012546341223,0x03157b7411956c938c497a28d3d2efdc2761a6f659a0397b29285766f7b9bc0c,0xA0b86991c6218b36c1d19D4a2e9Eb0cE3606eB48,0x699e04F98dE2Fc395a7dcBf36B48EC837A976490,USDC,tacUSD,6,984949.980086
ethereum,Withdraw,0xBBBBBbbBBb9cC5e90e3b3Af64bdAF62C37EEFFCb,22800822,2025-06-28 05:23:59,7dcdfd76b09f441eec62e86b82832a75ea7053a7caaf5305af8f425239227006,f6d4bc9f87fc27bc5fac4f7febca28027fe37f6aa4a44f833e10b4104af082fb,181,445,,0x3DC15A363f5Dcf3B9dB90a5C0e2a5Cdf8f1CD77E,0x3DC15A363f5Dcf3B9dB90a5C0e2a5Cdf8f1CD77E,0x3DC15A363f5Dcf3B9dB90a5C0e2a5Cdf8f1CD77E,89521257178364042739015,78830774468252859388285249419,0x1247f1c237eceae0602eab1470a5061a6dd8f734ba88c7cdc5d6109fb0026b28,0x6B175474E89094C44Da98b954EedeAC495271d0F,0x9D39A5DE30e57443BfF2A8307A4256c8797A3497,DAI,sUSDe,18,89521.25717836405
ethereum,Withdraw,0xBBBBBbbBBb9cC5e90e3b3Af64bdAF62C37EEFFCb,22800823,2025-06-28 05:24:11,0871034ccde05c016420d649700448037bb1143d707edcf7e0c2128e1d45a557,699aca6a040cc5f9e65bf43950cdd4759d873dc9e979132c6c954e258954630b,121,314,,0x500331c9fF24D9d11aee6B07734Aa72343EA74a5,0x500331c9fF24D9d11aee6B07734Aa72343EA74a5,0x500331c9fF24D9d11aee6B07734Aa72343EA74a5,19094509544980892583763,16814273760654456028625999493,0x1247f1c237eceae0602eab1470a5061a6dd8f734ba88c7cdc5d6109fb0026b28,0x6B175474E89094C44Da98b954EedeAC495271d0F,0x9D39A5DE30e57443BfF2A8307A4256c8797A3497,DAI,sUSDe,18,19094.509544980894
ethereum,Withdraw,0xBBBBBbbBBb9cC5e90e3b3Af64bdAF62C37EEFFCb,22800826,2025-06-28 05:24:47,635e465f4d3474f12deddba72357718967ca5fa7ec7c1e2f3488112dd2fd876e,591b4a741a66bf1f646797a84c7fe33ad2948f85fb73fd47f17e0493fc92a44d,41,90,,0xE89371eAaAC6D46d4C3ED23453241987916224FC,0xE89371eAaAC6D46d4C3ED23453241987916224FC,0xE89371eAaAC6D46d4C3ED23453241987916224FC,571089554233540031002,556469895663425818314400794,0x5f8a138ba332398a9116910f4d5e5dcd9b207024c5290ce5bc87bc2dbd8e4a86,0xC02aaA39b223FE8D0A0e5C4F27eAD9083C756Cc2,0xE72B141DF173b999AE7c1aDcbF60Cc9833Ce56a8,WETH,ETH+,18,571.0895542335401
ethereum,Withdraw,0xBBBBBbbBBb9cC5e90e3b3Af64bdAF62C37EEFFCb,22800831,2025-06-28 05:25:47,4d0ec1bc512e219deae1f2beab8e946f3a4102e46211994aee688e90a7f65396,f2055a2b0d471cee45709a36d9b8ddcc69336397330e26e7c73e2048b33b791c,154,341,,0xd63070114470f685b75B74D60EEc7c1113d33a3D,0xd63070114470f685b75B74D60EEc7c1113d33a3D,0xd63070114470f685b75B74D60EEc7c1113d33a3D,214632011572,210163356662541502,0x729badf297ee9f2f6b3f717b96fd355fc6ec00422284ce1968e76647b258cf44,0xA0b86991c6218b36c1d19D4a2e9Eb0cE3606eB48,0x80ac24aA929eaF5013f6436cdA2a7ba190f5Cc0b,USDC,syrupUSDC,6,214632.011572
ethereum,Withdraw,0xBBBBBbbBBb9cC5e90e3b3Af64bdAF62C37EEFFCb,22800831,2025-06-28 05:25:47,4d0ec1bc512e219deae1f2beab8e946f3a4102e46211994aee688e90a7f65396,f2055a2b0d471cee45709a36d9b8ddcc69336397330e26e7c73e2048b33b791c,154,346,,0xd63070114470f685b75B74D60EEc7c1113d33a3D,0xd63070114470f685b75B74D60EEc7c1113d33a3D,0xd63070114470f685b75B74D60EEc7c1113d33a3D,177503657568,172370351898601112,0xbfed072faee09b963949defcdb91094465c34c6c62d798b906274ef3563c9cac,0xA0b86991c6218b36c1d19D4a2e9Eb0cE3606eB48,0x738d1115B90efa71AE468F1287fc864775e23a31,USDC,srUSD,6,177503.657568
ethereum,Withdraw,0xBBBBBbbBBb9cC5e90e3b3Af64bdAF62C37EEFFCb,22800831,2025-06-28 05:25:47,4d0ec1bc512e219deae1f2beab8e946f3a4102e46211994aee688e90a7f65396,f2055a2b0d471cee45709a36d9b8ddcc69336397330e26e7c73e2048b33b791c,154,351,,0xd63070114470f685b75B74D60EEc7c1113d33a3D,0xd63070114470f685b75B74D60EEc7c1113d33a3D,0xd63070114470f685b75B74D60EEc7c1113d33a3D,132889616034,131013242781957204,0x8b1bc4d682b04a16309a8adf77b35de0c42063a7944016cfc37a79ccac0007b6,0xA0b86991c6218b36c1d19D4a2e9Eb0cE3606eB48,0x4737D9b4592B40d51e110b94c9C043c6654067Ae,USDC,slvlUSD,6,132889.616034
ethereum,Withdraw,0xBBBBBbbBBb9cC5e90e3b3Af64bdAF62C37EEFFCb,22800831,2025-06-28 05:25:47,4d0ec1bc512e219deae1f2beab8e946f3a4102e46211994aee688e90a7f65396,f2055a2b0d471cee45709a36d9b8ddcc69336397330e26e7c73e2048b33b791c,154,356,,0xd63070114470f685b75B74D60EEc7c1113d33a3D,0xd63070114470f685b75B74D60EEc7c1113d33a3D,0xd63070114470f685b75B74D60EEc7c1113d33a3D,121319085709,118538548101145752,0x0f9563442d64ab3bd3bcb27058db0b0d4046a4c46f0acd811dacae9551d2b129,0xA0b86991c6218b36c1d19D4a2e9Eb0cE3606eB48,0x5C5b196aBE0d54485975D1Ec29617D42D9198326,USDC,sdeUSD,6,121319.085709
ethereum,Withdraw,0xBBBBBbbBBb9cC5e90e3b3Af64bdAF62C37EEFFCb,22800831,2025-06-28 05:25:47,4d0ec1bc512e219deae1f2beab8e946f3a4102e46211994aee688e90a7f65396,f2055a2b0d471cee45709a36d9b8ddcc69336397330e26e7c73e2048b33b791c,154,361,,0xd63070114470f685b75B74D60EEc7c1113d33a3D,0xd63070114470f685b75B74D60EEc7c1113d33a3D,0xd63070114470f685b75B74D60EEc7c1113d33a3D,91110423856,90102637750791597,0x544b0a093b130a3fb01b72a1279ab848575f049c73da3b5c9c718f9350a1519c,0xA0b86991c6218b36c1d19D4a2e9Eb0cE3606eB48,0xf10A134A987E22ffa9463570A6D1eb92a63Fc178,USDC,PT-csUSDL-31JUL2025,6,91110.423856
ethereum,Withdraw,0xBBBBBbbBBb9cC5e90e3b3Af64bdAF62C37EEFFCb,22800831,2025-06-28 05:25:47,4d0ec1bc512e219deae1f2beab8e946f3a4102e46211994aee688e90a7f65396,f2055a2b0d471cee45709a36d9b8ddcc69336397330e26e7c73e2048b33b791c,154,366,,0xd63070114470f685b75B74D60EEc7c1113d33a3D,0xd63070114470f685b75B74D60EEc7c1113d33a3D,0xd63070114470f685b75B74D60EEc7c1113d33a3D,45576492564,45431810322803347,0x8a71a66ac828c2b6d4f8accce5859aba0822b502f3833bec4aff09479affffdb,0xA0b86991c6218b36c1d19D4a2e9Eb0cE3606eB48,0xB10DA2F9147f9cf2B8826877Cd0c95c18A0f42dc,USDC,PT-cUSDO-20NOV2025,6,45576.492564
ethereum,Withdraw,0xBBBBBbbBBb9cC5e90e3b3Af64bdAF62C37EEFFCb,22800831,2025-06-28 05:25:47,4d0ec1bc512e219deae1f2beab8e946f3a4102e46211994aee688e90a7f65396,f2055a2b0d471cee45709a36d9b8ddcc69336397330e26e7c73e2048b33b791c,154,371,,0xd63070114470f685b75B74D60EEc7c1113d33a3D,0xd63070114470f685b75B74D60EEc7c1113d33a3D,0xd63070114470f685b75B74D60EEc7c1113d33a3D,29619673197,28393830135528875,0x5f5bfaa51137098abc90b249c93b6051987877ada76135bb3dd7502b10d184a3,0xA0b86991c6218b36c1d19D4a2e9Eb0cE3606eB48,0x7C1156E515aA1A2E851674120074968C905aAF37,USDC,lvlUSD,6,29619.673197
ethereum,Withdraw,0xBBBBBbbBBb9cC5e90e3b3Af64bdAF62C37EEFFCb,22800831,2025-06-28 05:25:47,4d0ec1bc512e219deae1f2beab8e946f3a4102e46211994aee688e90a7f65396,f2055a2b0d471cee45709a36d9b8ddcc69336397330e26e7c73e2048b33b791c,154,376,,0xd63070114470f685b75B74D60EEc7c1113d33a3D,0xd63070114470f685b75B74D60EEc7c1113d33a3D,0xd63070114470f685b75B74D60EEc7c1113d33a3D,17090331076,16873010265314350,0xbc552f0b14dd6f8e60b760a534ac1d8613d3539153b4d9675d697e048f2edc7e,0xA0b86991c6218b36c1d19D4a2e9Eb0cE3606eB48,0x3b3fB9C57858EF816833dC91565EFcd85D96f634,USDC,PT-sUSDE-31JUL2025,6,17090.331076
ethereum,Withdraw,0xBBBBBbbBBb9cC5e90e3b3Af64bdAF62C37EEFFCb,22800831,2025-06-28 05:25:47,4d0ec1bc512e219deae1f2beab8e946f3a4102e46211994aee688e90a7f65396,f2055a2b0d471cee45709a36d9b8ddcc69336397330e26e7c73e2048b33b791c,154,381,,0xd63070114470f685b75B74D60EEc7c1113d33a3D,0xd63070114470f685b75B74D60EEc7c1113d33a3D,0xd63070114470f685b75B74D60EEc7c1113d33a3D,96737224,95568368747120,0xa3819a7d2aee958ca0e7404137d012b51ea47d051db69d94656956eff8c80c23,0xA0b86991c6218b36c1d19D4a2e9Eb0cE3606eB48,0xCcE7D12f683c6dAe700154f0BAdf779C0bA1F89A,USDC,PT-syrupUSDC-28AUG2025,6,96.737224
ethereum,Withdraw,0xBBBBBbbBBb9cC5e90e3b3Af64bdAF62C37EEFFCb,22800856,2025-06-28 05:30:47,c203584e6ca349654baa5b524a41a867f86475361652780a3a7e6393eb88abd5,27ecd29a919cef75344d87ac198586af5eb7a61730a7bb8e4ac239cae776e01f,100,203,,0x20e934c725b6703f0aC696F1689008057dB9Ac44,0x20e934c725b6703f0aC696F1689008057dB9Ac44,0x20e934c725b6703f0aC696F1689008057dB9Ac44,53314617875008184781913,47241098399097284467113488478,0x39d11026eae1c6ec02aa4c0910778664089cdd97c3fd23f68f7cd05e2e95af48,0x6B175474E89094C44Da98b954EedeAC495271d0F,0x9D39A5DE30e57443BfF2A8307A4256c8797A3497,DAI,sUSDe,18,53314.61787500818
ethereum,Withdraw,0xBBBBBbbBBb9cC5e90e3b3Af64bdAF62C37EEFFCb,22800857,2025-06-28 05:30:59,6b716e7bfaa143eedf6d6b043ff5a488100cae285668e706fcf2cb43f31e9981,9f7fca471e8d16411a35bf38ba3eaee2fee1d841f79e49f8bd36ada70a331782,100,571,,0x9a8bC3B04b7f3D87cfC09ba407dCED575f2d61D8,0x9a8bC3B04b7f3D87cfC09ba407dCED575f2d61D8,0x9a8bC3B04b7f3D87cfC09ba407dCED575f2d61D8,254349590068686634991,249562036533937455771775675,0xb7ad412532006bf876534ccae59900ddd9d1d1e394959065cb39b12b22f94ff5,0xC02aaA39b223FE8D0A0e5C4F27eAD9083C756Cc2,0xe1B4d34E8754600962Cd944B535180Bd758E6c2e,WETH,agETH,18,254.34959006868664
ethereum,Withdraw,0xBBBBBbbBBb9cC5e90e3b3Af64bdAF62C37EEFFCb,22800857,2025-06-28 05:30:59,6b716e7bfaa143eedf6d6b043ff5a488100cae285668e706fcf2cb43f31e9981,9f7fca471e8d16411a35bf38ba3eaee2fee1d841f79e49f8bd36ada70a331782,100,576,,0x9a8bC3B04b7f3D87cfC09ba407dCED575f2d61D8,0x9a8bC3B04b7f3D87cfC09ba407dCED575f2d61D8,0x9a8bC3B04b7f3D87cfC09ba407dCED575f2d61D8,91779847950659606288,89747615966608967001074263,0xd0e50cdac92fe2172043f5e0c36532c6369d24947e40968f34a5e8819ca9ec5d,0xC02aaA39b223FE8D0A0e5C4F27eAD9083C756Cc2,0x7f39C581F595B53c5cb19bD0b3f8dA6c935E2Ca0,WETH,wstETH,18,91.7798479506596
ethereum,Withdraw,0xBBBBBbbBBb9cC5e90e3b3Af64bdAF62C37EEFFCb,22800857,2025-06-28 05:30:59,6b716e7bfaa143eedf6d6b043ff5a488100cae285668e706fcf2cb43f31e9981,9f7fca471e8d16411a35bf38ba3eaee2fee1d841f79e49f8bd36ada70a331782,100,581,,0x9a8bC3B04b7f3D87cfC09ba407dCED575f2d61D8,0x9a8bC3B04b7f3D87cfC09ba407dCED575f2d61D8,0x9a8bC3B04b7f3D87cfC09ba407dCED575f2d61D8,86305657159525187455,84176870846963664568832662,0xb8fc70e82bc5bb53e773626fcc6a23f7eefa036918d7ef216ecfb1950a94a85e,0xC02aaA39b223FE8D0A0e5C4F27eAD9083C756Cc2,0x7f39C581F595B53c5cb19bD0b3f8dA6c935E2Ca0,WETH,wstETH,18,86.30565715952518
ethereum,Withdraw,0xBBBBBbbBBb9cC5e90e3b3Af64bdAF62C37EEFFCb,22800857,2025-06-28 05:30:59,6b716e7bfaa143eedf6d6b043ff5a488100cae285668e706fcf2cb43f31e9981,9f7fca471e8d16411a35bf38ba3eaee2fee1d841f79e49f8bd36ada70a331782,100,586,,0x9a8bC3B04b7f3D87cfC09ba407dCED575f2d61D8,0x9a8bC3B04b7f3D87cfC09ba407dCED575f2d61D8,0x9a8bC3B04b7f3D87cfC09ba407dCED575f2d61D8,72859890407191472314,70341654270192774674059580,0x138eec0e4a1937eb92ebc70043ed539661dd7ed5a89fb92a720b341650288a40,0xC02aaA39b223FE8D0A0e5C4F27eAD9083C756Cc2,0x2260FAC5E5542a773Aa44fBCfeDf7C193bc2C599,WETH,WBTC,18,72.85989040719147
ethereum,Withdraw,0xBBBBBbbBBb9cC5e90e3b3Af64bdAF62C37EEFFCb,22800857,2025-06-28 05:30:59,6b716e7bfaa143eedf6d6b043ff5a488100cae285668e706fcf2cb43f31e9981,9f7fca471e8d16411a35bf38ba3eaee2fee1d841f79e49f8bd36ada70a331782,100,591,,0x9a8bC3B04b7f3D87cfC09ba407dCED575f2d61D8,0x9a8bC3B04b7f3D87cfC09ba407dCED575f2d61D8,0x9a8bC3B04b7f3D87cfC09ba407dCED575f2d61D8,52049612290759401134,51000315237517505628108157,0xba761af4134efb0855adfba638945f454f0a704af11fc93439e20c7c5ebab942,0xC02aaA39b223FE8D0A0e5C4F27eAD9083C756Cc2,0xA1290d69c65A6Fe4DF752f95823fae25cB99e5A7,WETH,rsETH,18,52.0496122907594
ethereum,Withdraw,0xBBBBBbbBBb9cC5e90e3b3Af64bdAF62C37EEFFCb,22800857,2025-06-28 05:30:59,6b716e7bfaa143eedf6d6b043ff5a488100cae285668e706fcf2cb43f31e9981,9f7fca471e8d16411a35bf38ba3eaee2fee1d841f79e49f8bd36ada70a331782,100,596,,0x9a8bC3B04b7f3D87cfC09ba407dCED575f2d61D8,0x9a8bC3B04b7f3D87cfC09ba407dCED575f2d61D8,0x9a8bC3B04b7f3D87cfC09ba407dCED575f2d61D8,38604969887217784528,37422694398387603891128852,0xa0534c78620867b7c8706e3b6df9e69a2bc67c783281b7a77e034ed75cee012e,0xC02aaA39b223FE8D0A0e5C4F27eAD9083C756Cc2,0xbf5495Efe5DB9ce00f80364C8B423567e58d2110,WETH,ezETH,18,38.604969887217784
ethereum,Withdraw,0xBBBBBbbBBb9cC5e90e3b3Af64bdAF62C37EEFFCb,22800857,2025-06-28 05:30:59,6b716e7bfaa143eedf6d6b043ff5a488100cae285668e706fcf2cb43f31e9981,9f7fca471e8d16411a35bf38ba3eaee2fee1d841f79e49f8bd36ada70a331782,100,601,,0x9a8bC3B04b7f3D87cfC09ba407dCED575f2d61D8,0x9a8bC3B04b7f3D87cfC09ba407dCED575f2d61D8,0x9a8bC3B04b7f3D87cfC09ba407dCED575f2d61D8,14386914956621306047,13998753512019576373964897,0xf78b7d3a62437f78097745a5e3117a50c56a02ec5f072cba8d988a129c6d4fb6,0xC02aaA39b223FE8D0A0e5C4F27eAD9083C756Cc2,0x97Ad75064b20fb2B2447feD4fa953bF7F007a706,WETH,beraSTONE,18,14.386914956621306
ethereum,Withdraw,0xBBBBBbbBBb9cC5e90e3b3Af64bdAF62C37EEFFCb,22800857,2025-06-28 05:30:59,6b716e7bfaa143eedf6d6b043ff5a488100cae285668e706fcf2cb43f31e9981,9f7fca471e8d16411a35bf38ba3eaee2fee1d841f79e49f8bd36ada70a331782,100,606,,0x9a8bC3B04b7f3D87cfC09ba407dCED575f2d61D8,0x9a8bC3B04b7f3D87cfC09ba407dCED575f2d61D8,0x9a8bC3B04b7f3D87cfC09ba407dCED575f2d61D8,14329859870427242464,13955112482601903466780065,0x2287407f0f42ad5ad224f70e4d9da37f02770f79959df703d6cfee8afc548e0d,0xC02aaA39b223FE8D0A0e5C4F27eAD9083C756Cc2,0x7122985656e38BDC0302Db86685bb972b145bD3C,WETH,STONE,18,14.329859870427242
ethereum,Withdraw,0xBBBBBbbBBb9cC5e90e3b3Af64bdAF62C37EEFFCb,22800869,2025-06-28 05:33:23,ea9a80475229229ae02aab0dee924c7a603b3f6c25a44aff422c4e11aec126bf,19520bbdabf556f63192c352d27a4d47b2c1b99d8a9e63e53d8b8f5ea14ab05b,56,189,,0xBeEf11eCb698f4B5378685C05A210bdF71093521,0xBeEf11eCb698f4B5378685C05A210bdF71093521,0xBeEf11eCb698f4B5378685C05A210bdF71093521,241428693258709337755769,227792844318440541244319975370,0xc84cdb5a63207d8c2e7251f758a435c6bd10b4eaefdaf36d7650159bf035962e,0x09D4214C03D01F49544C0448DBE3A27f768F2b34,0x738d1115B90efa71AE468F1287fc864775e23a31,rUSD,srUSD,18,241428.69325870933
ethereum,Withdraw,0xBBBBBbbBBb9cC5e90e3b3Af64bdAF62C37EEFFCb,22800869,2025-06-28 05:33:23,ea9a80475229229ae02aab0dee924c7a603b3f6c25a44aff422c4e11aec126bf,19520bbdabf556f63192c352d27a4d47b2c1b99d8a9e63e53d8b8f5ea14ab05b,56,194,,0xBeEf11eCb698f4B5378685C05A210bdF71093521,0xBeEf11eCb698f4B5378685C05A210bdF71093521,0xBeEf11eCb698f4B5378685C05A210bdF71093521,4273670352373059,4200459777827451564770,0xa317ab09a76b2213271a4df078cb3f132a4d192b456b1eb56051ff32cca6f0a1,0x09D4214C03D01F49544C0448DBE3A27f768F2b34,0xf736acF34FF7Cd9B3565b73a1f15E652859bF322,rUSD,PT-RUSD-31JUL2025,18,0.004273670352373059
ethereum,Withdraw,0xBBBBBbbBBb9cC5e90e3b3Af64bdAF62C37EEFFCb,22800869,2025-06-28 05:33:23,ea9a80475229229ae02aab0dee924c7a603b3f6c25a44aff422c4e11aec126bf,19520bbdabf556f63192c352d27a4d47b2c1b99d8a9e63e53d8b8f5ea14ab05b,56,199,,0xBeEf11eCb698f4B5378685C05A210bdF71093521,0xBeEf11eCb698f4B5378685C05A210bdF71093521,0xBeEf11eCb698f4B5378685C05A210bdF71093521,2873628014210615,2684016940038693727393,0x35b9438b7d90d478694dfbdba841571850902c1cc619c53c53eeee6e0a5804b0,0x09D4214C03D01F49544C0448DBE3A27f768F2b34,0x7f39C581F595B53c5cb19bD0b3f8dA6c935E2Ca0,rUSD,wstETH,18,0.002873628014210615
ethereum,Withdraw,0xBBBBBbbBBb9cC5e90e3b3Af64bdAF62C37EEFFCb,22800870,2025-06-28 05:33:35,26f17b1196e4f19edbb0dc567db6a75e41df65032d3591e53229d553509cbab2,ab9bfd5c8f851d9364b4b92efb56cb3ccb17bc024d53f1ae908d1d1473d7aeba,44,216,,0xbeeFfF68CC520D68f82641EFF84330C631E2490E,0xbeeFfF68CC520D68f82641EFF84330C631E2490E,0xbeeFfF68CC520D68f82641EFF84330C631E2490E,65818015261719688289529,64974523212674216499779359306,0xb81eaed0df42ff6646c8daf4fe38afab93b13b6a89c9750d08e705223a45e2ef,0x6B175474E89094C44Da98b954EedeAC495271d0F,0x3b3fB9C57858EF816833dC91565EFcd85D96f634,DAI,PT-sUSDE-31JUL2025,18,65818.01526171969
ethereum,Withdraw,0xBBBBBbbBBb9cC5e90e3b3Af64bdAF62C37EEFFCb,22800870,2025-06-28 05:33:35,26f17b1196e4f19edbb0dc567db6a75e41df65032d3591e53229d553509cbab2,ab9bfd5c8f851d9364b4b92efb56cb3ccb17bc024d53f1ae908d1d1473d7aeba,44,221,,0xbeeFfF68CC520D68f82641EFF84330C631E2490E,0xbeeFfF68CC520D68f82641EFF84330C631E2490E,0xbeeFfF68CC520D68f82641EFF84330C631E2490E,3334309121996957382238,2954468872221982193020665016,0x39d11026eae1c6ec02aa4c0910778664089cdd97c3fd23f68f7cd05e2e95af48,0x6B175474E89094C44Da98b954EedeAC495271d0F,0x9D39A5DE30e57443BfF2A8307A4256c8797A3497,DAI,sUSDe,18,3334.3091219969574
ethereum,Withdraw,0xBBBBBbbBBb9cC5e90e3b3Af64bdAF62C37EEFFCb,22800870,2025-06-28 05:33:35,26f17b1196e4f19edbb0dc567db6a75e41df65032d3591e53229d553509cbab2,ab9bfd5c8f851d9364b4b92efb56cb3ccb17bc024d53f1ae908d1d1473d7aeba,44,226,,0xbeeFfF68CC520D68f82641EFF84330C631E2490E,0xbeeFfF68CC520D68f82641EFF84330C631E2490E,0xbeeFfF68CC520D68f82641EFF84330C631E2490E,594070869270014216966,554502556277117484775949844,0xab0dcab71e65c05b7f241ea79a33452c87e62db387129e4abe15e458d433e4d8,0x6B175474E89094C44Da98b954EedeAC495271d0F,0x8A47b431A7D947c6a3ED6E42d501803615a97EAa,DAI,PT-USDe-27MAR2025,18,594.0708692700142
ethereum,Withdraw,0xBBBBBbbBBb9cC5e90e3b3Af64bdAF62C37EEFFCb,22800876,2025-06-28 05:34:47,a73ce107b692805e5dfb65c619c9a72b72770fe7a0f3f8c759316acc56502baf,e32a22f9e89b7fdc4e499ca95121c7660e1f2f308fbc26d7bda8fdff75f33404,31,86,,0x3c124fB80e6eedD88D108C2F04013AE5CD571Abc,0x3c124fB80e6eedD88D108C2F04013AE5CD571Abc,0x3c124fB80e6eedD88D108C2F04013AE5CD571Abc,189641246617790524,188844644313685279870430,0xe8c9d076ee7e6fcadd34165c44c08fe61533e7ab4accbed76d7e7f7d5a011708,0xFa2B947eEc368f42195f24F36d2aF29f7c24CeC2,0xc8CF6D7991f15525488b2A83Df53468D682Ba4B0,USDf,sUSDf,18,0.18964124661779053
ethereum,Withdraw,0xBBBBBbbBBb9cC5e90e3b3Af64bdAF62C37EEFFCb,22800894,2025-06-28 05:38:23,db51e1cdad1d90795281a8bd823d91cd869831baa5e5f3ca3387372c2d4f3743,0f7006a7d6f68e7ee8667f3e4ca481d29bff082106d1b3c437dfbc96dcb750ef,56,163,,0x777791C4d6DC2CE140D00D2828a7C93503c67777,0x777791C4d6DC2CE140D00D2828a7C93503c67777,0x777791C4d6DC2CE140D00D2828a7C93503c67777,5117219499,5117219499000000,0x54efdee08e272e929034a8f26f7ca34b1ebe364b275391169b28c6d7db24dbc8,0xA0b86991c6218b36c1d19D4a2e9Eb0cE3606eB48,0x0000000000000000000000000000000000000000,USDC,,6,5117.219499
ethereum,Withdraw,0xBBBBBbbBBb9cC5e90e3b3Af64bdAF62C37EEFFCb,22800894,2025-06-28 05:38:23,db51e1cdad1d90795281a8bd823d91cd869831baa5e5f3ca3387372c2d4f3743,0f7006a7d6f68e7ee8667f3e4ca481d29bff082106d1b3c437dfbc96dcb750ef,56,169,,0x777791C4d6DC2CE140D00D2828a7C93503c67777,0x777791C4d6DC2CE140D00D2828a7C93503c67777,0x777791C4d6DC2CE140D00D2828a7C93503c67777,14882780501,14225001771438761,0xa59b6c3c6d1df322195bfb48ddcdcca1a4c0890540e8ee75815765096c1e8971,0xA0b86991c6218b36c1d19D4a2e9Eb0cE3606eB48,0x1d08E7adC263CfC70b1BaBe6dC5Bb339c16Eec52,USDC,USD0USD0++,6,14882.780501
ethereum,Withdraw,0xBBBBBbbBBb9cC5e90e3b3Af64bdAF62C37EEFFCb,22800935,2025-06-28 05:46:35,ede2a7b30adbb06b7dac7d1b8c32fc4a9c21384e37afdf13f7dc93cb95bbc5e3,c13bd57f4102ee4964055914cd20ebac96c61f8d6c6c46e1cd654b93c722bf72,35,115,,0x78Fc2c2eD1A4cDb5402365934aE5648aDAd094d0,0x78Fc2c2eD1A4cDb5402365934aE5648aDAd094d0,0x78Fc2c2eD1A4cDb5402365934aE5648aDAd094d0,100000000000000000000,97439867886200650985790612,0x5f8a138ba332398a9116910f4d5e5dcd9b207024c5290ce5bc87bc2dbd8e4a86,0xC02aaA39b223FE8D0A0e5C4F27eAD9083C756Cc2,0xE72B141DF173b999AE7c1aDcbF60Cc9833Ce56a8,WETH,ETH+,18,100.0
ethereum,Withdraw,0xBBBBBbbBBb9cC5e90e3b3Af64bdAF62C37EEFFCb,22800935,2025-06-28 05:46:35,ede2a7b30adbb06b7dac7d1b8c32fc4a9c21384e37afdf13f7dc93cb95bbc5e3,c13bd57f4102ee4964055914cd20ebac96c61f8d6c6c46e1cd654b93c722bf72,35,135,,0x78Fc2c2eD1A4cDb5402365934aE5648aDAd094d0,0x78Fc2c2eD1A4cDb5402365934aE5648aDAd094d0,0x78Fc2c2eD1A4cDb5402365934aE5648aDAd094d0,50000000000000000000,48719933943100325492895306,0x5f8a138ba332398a9116910f4d5e5dcd9b207024c5290ce5bc87bc2dbd8e4a86,0xC02aaA39b223FE8D0A0e5C4F27eAD9083C756Cc2,0xE72B141DF173b999AE7c1aDcbF60Cc9833Ce56a8,WETH,ETH+,18,50.0
ethereum,Withdraw,0xBBBBBbbBBb9cC5e90e3b3Af64bdAF62C37EEFFCb,22800946,2025-06-28 05:48:47,ba9d7412f88db543e426f3408ae2d5589a1fc1ec9d6b8421ebe91233dce7c211,5ea0e2182ff407ba0cb4bbb314790f294cb441ea64f3268ff5ecff9227dd6d49,36,63,,0xE89371eAaAC6D46d4C3ED23453241987916224FC,0xE89371eAaAC6D46d4C3ED23453241987916224FC,0xE89371eAaAC6D46d4C3ED23453241987916224FC,1956140975448139,1906060862019317363959,0x5f8a138ba332398a9116910f4d5e5dcd9b207024c5290ce5bc87bc2dbd8e4a86,0xC02aaA39b223FE8D0A0e5C4F27eAD9083C756Cc2,0xE72B141DF173b999AE7c1aDcbF60Cc9833Ce56a8,WETH,ETH+,18,0.001956140975448139
ethereum,Withdraw,0xBBBBBbbBBb9cC5e90e3b3Af64bdAF62C37EEFFCb,22800984,2025-06-28 05:56:23,5c295b22977f1d7f2da956e2a932bc85e4323ebfd6d4dd6d9a918b69d8b25108,4cbf0ac6563c5b7309400247cc07561703609fd4f4b6add8a760a2b8319751dc,15,114,,0x214B47C50057eFaa7adc1B1C2608C3751Cd77D78,0x214B47C50057eFaa7adc1B1C2608C3751Cd77D78,0x214B47C50057eFaa7adc1B1C2608C3751Cd77D78,231514706,221533953237100,0xe1b65304edd8ceaea9b629df4c3c926a37d1216e27900505c04f14b2ed279f33,0xA0b86991c6218b36c1d19D4a2e9Eb0cE3606eB48,0x4956b52aE2fF65D74CA2d61207523288e4528f96,USDC,RLP,6,231.514706
ethereum,Withdraw,0xBBBBBbbBBb9cC5e90e3b3Af64bdAF62C37EEFFCb,22800985,2025-06-28 05:56:35,c3ee00738918b3f2a16fabdacbeed6d98edee0dad4873c30d2d5922481b35051,19a2338943f3252da007a14b7971a23f555deeff77482bb814ca684fbc45f8c9,57,137,,0xc582F04d8a82795aa2Ff9c8bb4c1c889fe7b754e,0xc582F04d8a82795aa2Ff9c8bb4c1c889fe7b754e,0xc582F04d8a82795aa2Ff9c8bb4c1c889fe7b754e,211957236,202819614220303,0xe1b65304edd8ceaea9b629df4c3c926a37d1216e27900505c04f14b2ed279f33,0xA0b86991c6218b36c1d19D4a2e9Eb0cE3606eB48,0x4956b52aE2fF65D74CA2d61207523288e4528f96,USDC,RLP,6,211.957236
ethereum,Withdraw,0xBBBBBbbBBb9cC5e90e3b3Af64bdAF62C37EEFFCb,22800988,2025-06-28 05:57:11,3b37a9971234f5935b64a73bd2e56a4bc1cee4f982c91d28eb1ad49bc4c0a4cd,89058cc159bf4592a74c0a35e9f0c806721d85fab3d4c3cca1d8caf58200063d,16,73,,0x132E6C9C33A62D7727cd359b1f51e5B566E485Eb,0x132E6C9C33A62D7727cd359b1f51e5B566E485Eb,0x132E6C9C33A62D7727cd359b1f51e5B566E485Eb,200603576,193449155930624,0x8e7cc042d739a365c43d0a52d5f24160fa7ae9b7e7c9a479bd02a56041d4cf77,0xA0b86991c6218b36c1d19D4a2e9Eb0cE3606eB48,0x66a1E37c9b0eAddca17d3662D6c05F4DECf3e110,USDC,USR,6,200.603576
ethereum,Withdraw,0xBBBBBbbBBb9cC5e90e3b3Af64bdAF62C37EEFFCb,22800994,2025-06-28 05:58:23,cb29b8111b4fc0d5882cdf0e1902a4fb9536cb4f5a9592c9bb9360c4126ed428,d6284af2787486e4417e60e9d5ba8ad0e500bc09e136fe677518ad95104f9ccd,6,70,,0x777791C4d6DC2CE140D00D2828a7C93503c67777,0x777791C4d6DC2CE140D00D2828a7C93503c67777,0x777791C4d6DC2CE140D00D2828a7C93503c67777,57532887,54989960426510,0xa59b6c3c6d1df322195bfb48ddcdcca1a4c0890540e8ee75815765096c1e8971,0xA0b86991c6218b36c1d19D4a2e9Eb0cE3606eB48,0x1d08E7adC263CfC70b1BaBe6dC5Bb339c16Eec52,USDC,USD0USD0++,6,57.532887
